# Path, Multiple keys, Type, Details
2,,string
3,,unknown,EmptyData
4,,object
4/1,*,object
4/1/1,,int
4/1/2,,int
4/1/6,*,object
4/1/6/1,,int
4/1/6/11,,object
4/1/6/11/1,,string
4/1/6/11/2,,int
4/1/6/12,,object
4/1/6/12/4,,data,size=0x1: 00
4/1/6/12/5,,int
4/1/6/12/6,,int
4/1/6/14,,object
4/1/6/14/1,,int
4/1/6/14/2,,float32
4/1/6/14/3,,float32
4/1/6/14/4,,int
4/1/6/14/5,,int
4/1/6/14/6,,int
4/1/6/14/7,,int
4/1/6/14/8,,int
4/1/6/14/9,,int
4/1/6/14/10,,data
4/1/6/22,,unknown,EmptyData
4/1/6/23,,object
4/1/6/23/1,,object
4/1/6/23/1/1,*,object
4/1/6/23/1/1/2,,int
4/1/6/23/1/1/4,,string
4/1/6/23/1/1/11,,object
4/1/6/23/1/1/11/1,,int
4/1/6/23/1/1/11/2,,data,size=0x2: FD 0A
4/1/6/23/1/1/11/3,,int
4/1/6/23/1/1/11/4,,object
4/1/6/23/1/1/11/4/1,,int
4/1/6/23/1/1/11/4/11,,object
4/1/6/23/1/1/11/4/11/1,,object
4/1/6/23/1/1/11/4/11/1/1,,float32
4/1/6/23/1/1/11/4/11/1/2,,float32
4/1/6/23/1/1/11/4/11/1/3,,float32
4/1/6/23/1/1/11/4/12,,object
4/1/6/23/1/1/11/4/12/1,,float32
4/1/6/23/1/1/11/4/13,,object
4/1/6/23/1/1/11/4/13/1,,float32
4/1/6/23/1/1/11/4/13/2,,float32
4/1/6/23/1/1/11/5,,int
4/1/6/23/1/1/11/6,,string
4/1/6/23/1/1/11/7,,unknown,EmptyData
4/1/6/23/1/1/11/8,,unknown,EmptyData
4/1/6/23/1/1/11/9,,int
4/1/6/23/1/1/11/10,,object
4/1/6/23/1/1/11/10/2,,float32
4/1/6/23/1/1/11/10/3,,float32
4/1/6/23/1/1/11/10/4,,int
4/1/6/23/1/1/11/10/5,,float32
4/1/6/23/1/1/11/10/6,,int
4/1/6/23/1/1/11/10/7,,int
4/1/6/23/1/1/11/10/8,,float32
4/1/6/23/1/1/11/10/10,,int
4/1/6/23/1/1/11/10/11,,object
4/1/6/23/1/1/11/10/11/1,,string
4/1/6/23/1/1/11/10/21,,int
4/1/6/23/1/1/11/10/25,,object
4/1/6/23/1/1/11/10/25/1,*,object
4/1/6/23/1/1/11/10/25/1/1,,float32
4/1/6/23/1/1/11/10/25/1/2,,float32
4/1/6/23/1/1/11/10/26,,float32
4/1/6/23/1/1/11/10/27,,float32
4/1/6/23/1/1/11/11,,object
4/1/6/23/1/1/11/11/1,,int
4/1/6/23/1/1/11/11/3,,int
4/1/6/23/1/1/11/11/4,,int
4/1/6/23/1/1/11/11/5,,float32
4/1/6/23/1/1/11/11/6,,unknown,EmptyData
4/1/6/23/1/1/11/11/7,,unknown,EmptyData
4/1/6/23/1/1/11/11/8,,unknown,EmptyData
4/1/6/23/1/1/11/11/9,,int
4/1/6/23/1/1/11/11/10,,int
4/1/6/23/1/1/11/11/11,,int
4/1/6/23/1/1/11/11/12,,float32
4/1/6/23/1/1/11/11/13,,float32
4/1/6/23/1/1/11/12,,int
4/1/6/23/1/1/11/13,,float32
4/1/6/23/1/1/11/14,,unknown,EmptyData
4/1/6/23/1/1/11/15,,unknown,EmptyData
4/1/6/23/1/1/11/20,,int
4/1/6/23/1/1/11/21,,object
4/1/6/23/1/1/11/21/1,,float32
4/1/6/23/1/1/11/21/3,,int
4/1/6/23/1/1/11/22,,unknown,EmptyData
4/1/6/23/1/1/11/23,,int
4/1/6/23/1/1/12,,object
4/1/6/23/1/1/12/1,,string
4/1/6/23/1/1/12/2,,unknown,EmptyData
4/1/6/23/1/1/12/3,,unknown,EmptyData
4/1/6/23/1/1/12/4,,object
4/1/6/23/1/1/12/4/2,,float32
4/1/6/23/1/1/12/4/3,,float32
4/1/6/23/1/1/12/4/4,,int
4/1/6/23/1/1/12/4/5,,float32
4/1/6/23/1/1/12/4/6,,int
4/1/6/23/1/1/12/4/7,,int
4/1/6/23/1/1/12/4/8,,float32
4/1/6/23/1/1/12/4/11,,object
4/1/6/23/1/1/12/4/11/1,,string
4/1/6/23/1/1/12/4/21,,int
4/1/6/23/1/1/12/4/25,,object
4/1/6/23/1/1/12/4/25/1,*,object
4/1/6/23/1/1/12/4/25/1/1,,float32
4/1/6/23/1/1/12/4/25/1/2,,float32
4/1/6/23/1/1/12/5,,object
4/1/6/23/1/1/12/5/1,,int
4/1/6/23/1/1/12/5/3,,int
4/1/6/23/1/1/12/5/4,,int
4/1/6/23/1/1/12/5/5,,float32
4/1/6/23/1/1/12/5/6,,unknown,EmptyData
4/1/6/23/1/1/12/5/7,,unknown,EmptyData
4/1/6/23/1/1/12/5/8,,unknown,EmptyData
4/1/6/23/1/1/12/5/9,,int
4/1/6/23/1/1/12/5/10,,int
4/1/6/23/1/1/12/5/11,,int
4/1/6/23/1/1/12/5/12,,float32
4/1/6/23/1/1/12/5/13,,float32
4/1/6/23/1/1/12/6,,int
4/1/6/23/1/1/12/7,,object
4/1/6/23/1/1/12/7/1,,float32
4/1/6/23/1/1/12/7/3,,int
4/1/6/23/1/1/13,,object
4/1/6/23/1/1/13/1,,float32
4/1/6/23/1/1/17,,object
4/1/6/23/1/1/17/1,,int
4/1/6/23/1/1/17/2,,int
4/1/6/23/1/1/17/3,,float32
4/1/6/23/1/1/17/4,,object
4/1/6/23/1/1/17/4/2,,float32
4/1/6/23/1/1/17/5,,unknown,EmptyData
4/1/6/23/1/1/17/6,,unknown,EmptyData
4/1/6/23/1/1/17/7,,int
4/1/6/23/1/3,,string
4/1/6/31,,object
4/1/6/31/1,,int
4/1/6/32,,object
4/1/6/32/1,,object
4/1/6/32/1/1,,float32
4/1/6/32/1/2,,float32
4/1/6/32/1/3,,float32
4/1/6/32/1/4,,int
4/1/6/32/1/5,,int
4/1/6/32/2,,object
4/1/6/32/2/3,,float32
4/1/6/32/2/4,,float32
4/1/6/32/2/5,,float32
4/1/6/32/3,,unknown,EmptyData
4/1/6/40,,object
4/1/6/40/1,,object
4/1/6/40/1/1,,int
4/1/6/40/1/2,,int
4/1/6/41,,object
4/1/6/41/1,,object
4/1/6/41/1/1,,float32
4/1/6/41/1/2,,float32
4/1/6/41/1/3,,float32
4/1/6/41/1/4,,float32
4/1/6/41/1/5,,float32
4/1/6/42,,object
4/1/6/42/1,,object
4/1/6/42/1/1,,float32
4/1/6/42/1/2,,int
4/1/6/42/1/3,,float32
4/1/6/43,,object
4/1/6/43/1,,object
4/1/6/43/1/1,,data
4/1/6/43/1/2,,float32
4/1/6/43/1/3,,int
4/1/6/43/1/4,,float32
4/1/6/43/1/5,,float32
4/1/6/43/1/7,,int
4/1/6/43/1/10,,int
4/1/6/43/1/11,,int
4/1/6/43/1/13,,int
4/1/6/44,,object
4/1/6/44/1,,object
4/1/6/44/1/1,,int
4/1/6/44/1/2,,float32
4/1/6/44/1/3,,float32
4/1/6/44/1/6,,float32
4/1/6/48,,object
4/1/6/48/1,,float32
4/1/6/48/2,,int
4/1/6/48/3,,int
4/1/6/50,,object
4/1/6/50/501,,data
4/1/6/57,,object
4/1/6/57/1,,object
4/1/6/57/1/2,*,object
4/1/6/57/1/2/1,,int
4/1/6/57/1/2/2,,float32
4/1/6/57/1/2/3,,float32
4/1/6/57/1/2/4,,int
4/1/6/57/1/2/5,,int
4/1/6/57/1/2/6,,float32
4/1/6/57/1/2/7,,float32
4/1/6/65,,object
4/1/6/65/1,*,object
4/1/6/65/1/1,,int
4/1/6/65/1/2,,object
4/1/6/65/1/2/1,,float32
4/1/6/65/1/2/2,,float32
4/1/6/65/1/2/3,,float32
4/1/6/65/1/3,,object
4/1/6/65/1/3/2,,float32
4/1/6/65/1/5,,int
4/1/6/65/1/6,,int
4/1/6/65/1/7,,int
4/1/6/66,,object
4/1/6/66/1,,int
4/1/6/66/2,,int
4/1/6/66/3,,int
4/1/6/66/4,,int
4/1/6/70,,object
4/1/6/70/1,,unknown,EmptyData
4/1/7,*,object
4/1/7/1,,int
4/1/7/11,,object
4/1/7/11/1,,object
4/1/7/11/1/1,,float32
4/1/7/11/1/2,,float32
4/1/7/11/1/3,,float32
4/1/7/11/2,,object
4/1/7/11/2/1,,float32
4/1/7/11/2/2,,float32
4/1/7/11/2/3,,float32
4/1/7/11/3,,object
4/1/7/11/3/1,,float32
4/1/7/11/3/2,,float32
4/1/7/11/3/3,,float32
4/1/7/11/501,,int32
4/1/7/12,,object
4/1/7/12/2,,object
4/1/7/12/2/1,,int
4/1/7/12/2/2,,int
4/1/7/13,,object
4/1/7/13/1,*,object
4/1/7/13/1/1,,object
4/1/7/13/1/1/1,,int
4/1/7/13/1/1/2,,int
4/1/7/13/1/1/501,,int
4/1/7/14,,object
4/1/7/14/1,,int
4/1/7/15,,object
4/1/7/15/1,,int
4/1/7/15/2,,int
4/1/7/16,,object
4/1/7/16/1,,int
4/1/7/17,,object
4/1/7/17/1,,float32
4/1/7/17/2,,float32
4/1/7/17/3,,float32
4/1/7/17/4,,int
4/1/7/17/5,,int
4/1/7/17/6,,object
4/1/7/17/6/1,,int
4/1/7/17/6/2,,int
4/1/7/17/8,,float32
4/1/7/17/9,,float32
4/1/7/17/10,,float32
4/1/7/17/11,,float32
4/1/7/17/12,,float32
4/1/7/17/13,,float32
4/1/7/17/14,,float32
4/1/7/17/15,,float32
4/1/7/17/501,*,object
4/1/7/17/501/1,,int
4/1/7/17/501/2,,float32
4/1/7/17/501/3,,float32
4/1/7/17/501/4,,float32
4/1/7/18,,object
4/1/7/18/1,,int
4/1/7/18/501,,int
4/1/7/21,,object
4/1/7/21/1,*,object
4/1/7/21/1/1,,string
4/1/7/21/1/2,,object
4/1/7/21/1/2/2,,float32
4/1/7/21/1/3,,unknown,EmptyData
4/1/7/21/1/502,,string
4/1/7/21/1/504,,int
4/1/7/21/1/505,,string
4/1/7/22,,object
4/1/7/22/1,,int
4/1/7/22/501,,int
4/1/7/25,,object
4/1/7/25/1,,int
4/1/7/26,,object
4/1/7/26/2,,object
4/1/7/26/2/1,,int
4/1/7/26/2/10,,unknown,EmptyData
4/1/7/26/2/12,,unknown,EmptyData
4/1/7/26/2/13,,unknown,EmptyData
4/1/7/27,,unknown,EmptyData
4/1/7/29,,object
4/1/7/29/1,,int
4/1/8,*,object
4/1/8/1,,int
4/1/8/2,,int
4/1/8/11,,object
4/1/8/11/1,*,object
4/1/8/11/1/2,,string
4/1/8/11/1/3,,int
4/1/8/11/1/4,,object
4/1/8/11/1/4/1,,int
4/1/8/11/1/4/2,,object
4/1/8/11/1/4/2/1,,int
4/1/8/11/1/4/2/2,,object
4/1/8/11/1/4/2/2/1,,int
4/1/8/11/1/4/2/2/2,,int
4/1/8/11/1/4/2/2/502,,int
4/1/8/11/1/4/2/2/503,,int
4/1/8/11/1/4/11,,unknown,EmptyData
4/1/8/11/1/4/12,,object
4/1/8/11/1/4/12/1,,int
4/1/8/11/1/4/13,,object
4/1/8/11/1/4/13/1,,int
4/1/8/11/1/4/14,,object
4/1/8/11/1/4/14/1,,int
4/1/8/11/1/4/15,,object
4/1/8/11/1/4/15/1,,float32
4/1/8/11/1/4/16,,object
4/1/8/11/1/4/16/1,,string
4/1/8/11/1/4/19,,object
4/1/8/11/1/4/19/1,,object
4/1/8/11/1/4/19/1/0,*,int
4/1/8/11/1/4/21,,unknown,EmptyData
4/1/8/11/1/4/22,,object
4/1/8/11/1/4/22/1,,object
4/1/8/11/1/4/22/1/1,,float32
4/1/8/11/1/4/22/1/2,,float32
4/1/8/11/1/4/22/1/3,,float32
4/1/8/11/1/4/23,,unknown,EmptyData
4/1/8/11/1/4/25,,object
4/1/8/11/1/4/25/1,*,object
4/1/8/11/1/4/25/1/2,,float32
4/1/8/11/1/4/25/1/3,,float32
4/1/8/11/1/4/27,,object
4/1/8/11/1/4/27/1,,int
4/1/8/11/1/4/30,,object
4/1/8/11/1/4/30/1,,object
4/1/8/11/1/4/30/1/2,,int
4/1/8/11/1/4/35,,object
4/1/8/11/1/4/35/1,*,object
4/1/8/11/1/4/35/1/1,,int
4/1/8/11/1/4/35/1/2,,object
4/1/8/11/1/4/35/1/2/1,,int
4/1/8/11/1/4/35/1/2/2,,unknown,EmptyData
4/1/8/11/1/4/35/1/13,,object
4/1/8/11/1/4/35/1/13/1,,int
4/1/8/11/1/4/35/1/15,,unknown,EmptyData
4/1/8/11/1/4/35/1/16,,unknown,EmptyData
4/1/8/11/1/4/35/1/18,,object
4/1/8/11/1/4/35/1/18/1,,data
4/1/8/11/1/4/35/1/20,,object
4/1/8/11/1/4/35/1/20/1,,data
4/1/8/11/1/4/35/1/501,,string
4/1/8/11/1/4/35/501,,int
4/1/8/11/1/4/35/502,,object
4/1/8/11/1/4/35/502/2,,int
4/1/8/11/1/4/35/502/4,,int
4/1/8/11/1/4/37,,object
4/1/8/11/1/4/37/1,*,object
4/1/8/11/1/4/37/1/1,,int
4/1/8/11/1/4/37/1/2,,object
4/1/8/11/1/4/37/1/2/1,,int
4/1/8/11/1/4/37/1/2/2,,object
4/1/8/11/1/4/37/1/2/2/2,,int
4/1/8/11/1/4/37/1/2/2/502,,int
4/1/8/11/1/4/37/1/2/2/503,,int
4/1/8/11/1/4/37/1/35,,object
4/1/8/11/1/4/37/1/35/1,*,object
4/1/8/11/1/4/37/1/35/1/1,,int
4/1/8/11/1/4/37/1/35/1/2,,object
4/1/8/11/1/4/37/1/35/1/2/1,,int
4/1/8/11/1/4/37/1/35/1/2/2,,unknown,EmptyData
4/1/8/11/1/4/37/1/35/1/16,,object
4/1/8/11/1/4/37/1/35/1/16/1,,string
4/1/8/11/1/4/37/1/35/1/30,,object
4/1/8/11/1/4/37/1/35/1/30/1,,object
4/1/8/11/1/4/37/1/35/1/30/1/1,,int
4/1/8/11/1/4/37/1/35/1/30/1/2,,int
4/1/8/11/1/4/37/1/35/501,,int
4/1/8/11/1/4/37/1/35/502,,object
4/1/8/11/1/4/37/1/35/502/2,,int
4/1/8/11/1/4/37/1/35/502/4,,int
4/1/8/11/1/4/37/501,*,object
4/1/8/11/1/4/37/501/1,,int
4/1/8/11/1/4/37/501/2,,object
4/1/8/11/1/4/37/501/2/1,,int
4/1/8/11/1/4/37/501/2/2,,unknown,EmptyData
4/1/8/11/1/4/37/501/16,,object
4/1/8/11/1/4/37/501/16/1,,string
4/1/8/11/1/4/37/502,*,object
4/1/8/11/1/4/37/502/1,,int
4/1/8/11/1/4/37/502/2,,object
4/1/8/11/1/4/37/502/2/1,,int
4/1/8/11/1/4/37/502/2/2,,unknown,EmptyData
4/1/8/11/1/4/37/502/30,,object
4/1/8/11/1/4/37/502/30/1,,object
4/1/8/11/1/4/37/502/30/1/1,,int
4/1/8/11/1/4/37/502/30/1/2,,int
4/1/8/11/1/4/37/503,,int
4/1/8/11/1/4/37/504,,int
4/1/8/11/1/5,,int
4/1/8/11/1/6,,object
4/1/8/11/1/6/1,,int
4/1/8/11/1/6/2,,object
4/1/8/11/1/6/2/1,,int
4/1/8/11/1/6/2/2,,int
4/1/8/11/1/6/2/502,,int
4/1/8/11/1/6/2/503,,int
4/1/8/13,,unknown,EmptyData
4/1/8/14,,object
4/1/8/14/1,*,object
4/1/8/14/1/1,,string
4/1/8/14/1/2,,int
4/1/8/14/1/3,,int
4/1/8/14/1/11,,object
4/1/8/14/1/11/1,,float32
4/1/8/14/1/11/2,,object
4/1/8/14/1/11/2/2,,float32
4/1/8/14/1/11/501,,object
4/1/8/14/1/11/501/2,,float32
4/1/8/14/1/12,,object
4/1/8/14/1/12/1,,float32
4/1/8/14/1/12/2,,float32
4/1/8/14/1/12/3,,object
4/1/8/14/1/12/3/2,,float32
4/1/8/14/1/13,,unknown,EmptyData
4/1/8/14/1/502,,object
4/1/8/14/1/502/2,,int
4/1/8/14/1/502/501,*,object
4/1/8/14/1/502/501/2,,object
4/1/8/14/1/502/501/2/2,,float32
4/1/8/14/1/502/501/2/3,,float32
4/1/8/14/1/502/501/3,,unknown,EmptyData
4/1/8/14/1/502/501/4,,float32
4/1/8/14/1/502/501/5,,int
4/1/8/14/1/502/501/7,,unknown,EmptyData
4/1/8/14/1/502/501/8,,unknown,EmptyData
4/1/8/14/1/502/502,,unknown,EmptyData
4/1/8/14/1/503,,int
4/1/8/14/3,*,object
4/1/8/14/3/1,,string
4/1/8/14/3/2,,int
4/1/8/14/3/501,,int
4/1/8/14/3/511,,object
4/1/8/14/3/511/1,,int
4/1/8/14/3/511/11,,object
4/1/8/14/3/511/11/1,,float32
4/1/8/14/3/511/11/2,,object
4/1/8/14/3/511/11/2/2,,float32
4/1/8/14/3/511/11/501,,object
4/1/8/14/3/511/11/501/2,,float32
4/1/8/14/3/511/12,,object
4/1/8/14/3/511/12/1,,float32
4/1/8/14/3/511/12/2,,float32
4/1/8/14/3/511/12/3,,object
4/1/8/14/3/511/12/3/2,,float32
4/1/8/14/3/511/13,,unknown,EmptyData
4/1/8/14/3/511/502,,object
4/1/8/14/3/511/502/2,,int
4/1/8/14/3/511/502/501,*,object
4/1/8/14/3/511/502/501/2,,object
4/1/8/14/3/511/502/501/2/2,,float32
4/1/8/14/3/511/502/501/2/3,,float32
4/1/8/14/3/511/502/501/3,,unknown,EmptyData
4/1/8/14/3/511/502/501/4,,float32
4/1/8/14/3/511/502/501/5,,int
4/1/8/14/3/511/502/501/7,,unknown,EmptyData
4/1/8/14/3/511/502/501/8,,unknown,EmptyData
4/1/8/14/3/511/502/502,,unknown,EmptyData
4/1/8/14/3/512,,object
4/1/8/14/3/512/1,,int
4/1/8/14/3/512/15,,object
4/1/8/14/3/512/15/1,,object
4/1/8/14/3/512/15/1/1,,float32
4/1/8/14/3/512/15/1/3,,float32
4/1/8/14/3/512/15/2,,unknown,EmptyData
4/1/8/14/3/512/15/3,,int
4/1/8/14/3/512/15/4,,float32
4/1/8/14/3/512/15/6,,int
4/1/8/14/3/512/15/7,,float32
4/1/8/14/3/512/502,,object
4/1/8/14/3/512/502/2,,int
4/1/8/14/3/512/502/502,,unknown,EmptyData
4/1/8/14/3/513,,object
4/1/8/14/3/513/1,,int
4/1/8/14/3/513/13,,unknown,EmptyData
4/1/8/14/3/513/502,,object
4/1/8/14/3/513/502/2,,int
4/1/8/14/3/513/502/502,,unknown,EmptyData
4/1/8/14/3/513/502/503,,int
4/1/8/14/4,,int
4/1/8/14/505,,int
4/1/8/15,,object
4/1/8/15/1,*,object
4/1/8/15/1/1,,int
4/1/8/15/1/2,,int
4/1/8/15/1/3,,data
4/1/8/15/1/4,*,object
4/1/8/15/1/4/1,,int
4/1/8/15/1/4/2,,int
4/1/8/15/1/4/11,,object
4/1/8/15/1/4/11/1,,object
4/1/8/15/1/4/11/1/1,,float32
4/1/8/15/1/4/11/1/2,,float32
4/1/8/15/1/4/11/1/3,,float32
4/1/8/15/1/4/11/2,,object
4/1/8/15/1/4/11/2/1,,float32
4/1/8/15/1/4/11/2/2,,float32
4/1/8/15/1/4/11/2/3,,float32
4/1/8/15/1/4/11/3,,object
4/1/8/15/1/4/11/3/2,,float32
4/1/8/15/1/4/12,,object
4/1/8/15/1/4/12/1,,object
4/1/8/15/1/4/12/1/1,,float32
4/1/8/15/1/4/12/1/2,,float32
4/1/8/15/1/4/12/1/3,,float32
4/1/8/15/1/4/12/2,,float32
4/1/8/15/1/4/502,,string
4/1/8/15/1/4/503,,int
4/1/8/15/1/502,,string
4/1/8/15/1/503,,data,size=0x3: 00 01 02
4/1/8/16,,object
4/1/8/16/1,*,object
4/1/8/16/1/1,,int
4/1/8/16/1/2,,string
4/1/8/16/1/3,,int
4/1/8/16/1/4,,int
4/1/8/16/1/5,,object
4/1/8/16/1/5/1,,float32
4/1/8/16/1/5/2,,float32
4/1/8/16/1/5/3,,float32
4/1/8/16/1/6,,object
4/1/8/16/1/6/1,,float32
4/1/8/16/1/6/2,,float32
4/1/8/16/1/6/3,,float32
4/1/8/16/1/7,,float32
4/1/8/16/1/8,,object
4/1/8/16/1/8/1,,int
4/1/8/16/1/8/2,,int
4/1/8/16/1/10,,object
4/1/8/16/1/10/2,,int
4/1/8/16/1/11,,int
4/1/8/16/1/501,,int
4/1/8/16/1/502,,int
4/1/8/16/1/503,,string
4/1/8/16/1/505,,int
4/1/8/16/1/506,,int
4/1/8/16/1/507,,int
4/1/8/18,,object
4/1/8/18/1,,object
4/1/8/18/1/1,,int
4/1/8/18/1/2,,int
4/1/8/18/1/4,*,object
4/1/8/18/1/4/1,,int
4/1/8/18/1/4/11,,object
4/1/8/18/1/4/11/1,,object
4/1/8/18/1/4/11/1/1,,float32
4/1/8/18/1/4/11/1/2,,float32
4/1/8/18/1/4/11/1/3,,float32
4/1/8/18/1/4/11/2,,object
4/1/8/18/1/4/11/2/1,,float32
4/1/8/18/1/4/11/2/2,,float32
4/1/8/18/1/4/11/2/3,,float32
4/1/8/18/1/4/11/3,,unknown,EmptyData
4/1/8/18/1/4/13,,object
4/1/8/18/1/4/13/1,,unknown,EmptyData
4/1/8/18/1/4/13/2,,unknown,EmptyData
4/1/8/18/1/4/13/3,,float32
4/1/8/18/1/4/13/4,,float32
4/1/8/18/1/4/13/5,,unknown,EmptyData
4/1/8/18/1/4/502,,string
4/1/8/18/1/4/503,,int
4/1/8/18/1/502,,string
4/1/8/18/501,,int
4/1/8/19,,object
4/1/8/19/1,,int
4/1/8/19/2,,string
4/1/8/19/3,,object
4/1/8/19/3/1,,float32
4/1/8/19/3/2,,float32
4/1/8/19/3/3,,float32
4/1/8/19/4,,object
4/1/8/19/4/1,,float32
4/1/8/19/4/2,,float32
4/1/8/19/4/3,,float32
4/1/8/19/5,,int
4/1/8/19/6,,int
4/1/8/19/7,,object
4/1/8/19/7/1,,int
4/1/8/19/7/11,,unknown,EmptyData
4/1/8/19/7/13,,object
4/1/8/19/7/13/1,,float32
4/1/8/19/7/13/2,,float32
4/1/8/19/7/13/3,,float32
4/1/8/19/7/13/501,,float32
4/1/8/19/502,,string
4/1/8/21,,object
4/1/8/21/1,,object
4/1/8/21/1/1,,int
4/1/8/21/1/11,,object
4/1/8/21/1/11/1,,object
4/1/8/21/1/11/1/2,,float32
4/1/8/21/1/11/1/3,,float32
4/1/8/21/1/11/2,,float32
4/1/8/21/1/12,,object
4/1/8/21/1/12/1,,object
4/1/8/21/1/12/1/2,,float32
4/1/8/21/1/12/1/3,,float32
4/1/8/21/1/12/2,,float32
4/1/8/21/1/13,,object
4/1/8/21/1/13/1,,object
4/1/8/21/1/13/1/3,,float32
4/1/8/21/1/13/2,,float32
4/1/8/21/1/13/3,,float32
4/1/8/21/1/13/5,,float32
4/1/8/21/1/13/8,,string
4/1/8/21/1/13/1002,,int
4/1/8/21/1/502,,string
4/1/8/21/501,,int
4/1/8/22,,object
4/1/8/22/1,,object
4/1/8/22/1/1,,int
4/1/8/22/1/11,,object
4/1/8/22/1/11/1,,object
4/1/8/22/1/11/1/2,,float32
4/1/8/22/1/11/1/3,,float32
4/1/8/22/1/11/2,,object
4/1/8/22/1/11/2/1,,float32
4/1/8/22/1/11/2/2,,float32
4/1/8/22/1/11/2/3,,float32
4/1/8/22/1/11/3,,unknown,EmptyData
4/1/8/22/1/12,,object
4/1/8/22/1/12/1,,object
4/1/8/22/1/12/1/2,,float32
4/1/8/22/1/12/2,,float32
4/1/8/22/1/502,,string
4/1/8/22/1/503,,int
4/1/8/22/2,,int
4/1/8/22/3,,int
4/1/8/22/4,,float32
4/1/8/22/5,*,string
4/1/8/22/6,,object
4/1/8/22/6/1,,int
4/1/8/22/6/2,,int
4/1/8/22/7,,object
4/1/8/22/7/3,,float32
4/1/8/22/7/5,,float32
4/1/8/22/8,,int
4/1/8/22/9,,data
4/1/8/22/13,,data
4/1/8/22/501,,int
4/1/8/22/503,,int
4/1/8/22/1002,,int
4/1/8/24,,object
4/1/8/24/1,*,object
4/1/8/24/1/1,,object
4/1/8/24/1/1/1,,int
4/1/8/24/1/1/2,,int
4/1/8/24/1/2,,int
4/1/8/26,,unknown,EmptyData
4/1/8/27,,object
4/1/8/27/1,,object
4/1/8/27/1/1,,int
4/1/8/27/1/11,,object
4/1/8/27/1/11/1,,object
4/1/8/27/1/11/1/2,,float32
4/1/8/27/1/11/2,,object
4/1/8/27/1/11/2/1,,float32
4/1/8/27/1/11/2/2,,float32
4/1/8/27/1/11/2/3,,float32
4/1/8/27/1/11/3,,unknown,EmptyData
4/1/8/27/1/12,,object
4/1/8/27/1/12/1,,object
4/1/8/27/1/12/1/2,,float32
4/1/8/27/1/12/2,,float32
4/1/8/27/1/502,,string
4/1/8/27/1/503,,int
4/1/8/27/2,*,object
4/1/8/27/2/1,,int
4/1/8/27/2/2,,string
4/1/8/27/2/3,,int
4/1/8/27/2/4,,int
4/1/8/27/2/5,,int
4/1/8/27/2/6,,object
4/1/8/27/2/6/1,,int
4/1/8/27/2/6/2,,int
4/1/8/27/2/503,,string
4/1/8/27/2/504,,int
4/1/8/28,,object
4/1/8/28/3,,int
4/1/8/28/5,,int
4/1/8/28/7,,int
4/1/8/28/8,,int
4/1/8/28/9,,object
4/1/8/28/9/1,,int
4/1/8/28/9/2,,string
4/1/8/28/9/3,,int
4/1/8/28/9/4,,int
4/1/8/28/9/5,,object
4/1/8/28/9/5/2,,float32
4/1/8/28/9/6,,unknown,EmptyData
4/1/8/28/9/7,,float32
4/1/8/28/9/8,,unknown,EmptyData
4/1/8/28/9/10,,object
4/1/8/28/9/10/2,,int
4/1/8/28/9/11,,int
4/1/8/28/9/501,,int
4/1/8/28/9/503,,string
4/1/8/28/9/507,,int
4/1/8/28/10,,object
4/1/8/28/10/1,,int
4/1/8/28/10/2,,string
4/1/8/28/10/3,,int
4/1/8/28/10/4,,int
4/1/8/28/10/5,,unknown,EmptyData
4/1/8/28/10/6,,unknown,EmptyData
4/1/8/28/10/7,,float32
4/1/8/28/10/8,,unknown,EmptyData
4/1/8/28/10/10,,object
4/1/8/28/10/10/2,,int
4/1/8/28/10/11,,int
4/1/8/28/10/501,,int
4/1/8/28/10/503,,string
4/1/8/28/10/507,,int
4/1/8/29,,object
4/1/8/29/1,,object
4/1/8/29/1/1,,int
4/1/8/29/1/2,,int
4/1/8/29/1/3,,object
4/1/8/29/1/3/1,,int
4/1/8/29/1/3/11,,object
4/1/8/29/1/3/11/1,,object
4/1/8/29/1/3/11/1/1,,float32
4/1/8/29/1/3/11/1/2,,float32
4/1/8/29/1/3/11/2,,object
4/1/8/29/1/3/11/2/1,,float32
4/1/8/29/1/3/11/2/2,,float32
4/1/8/29/1/3/11/2/3,,float32
4/1/8/29/1/3/11/3,,unknown,EmptyData
4/1/8/29/1/3/12,,object
4/1/8/29/1/3/12/1,,object
4/1/8/29/1/3/12/1/2,,float32
4/1/8/29/1/3/12/2,,float32
4/1/8/29/1/3/502,,string
4/1/8/29/1/3/503,,int
4/1/8/29/1/502,,string
4/1/8/30,,object
4/1/8/30/1,,float32
4/1/8/30/5,,float32
4/1/8/30/6,,float32
4/1/8/32,,object
4/1/8/32/501,,object
4/1/8/32/501/1,,string
4/1/8/32/501/2,,object
4/1/8/32/501/2/2,,float32
4/1/8/32/501/3,,unknown,EmptyData
4/1/8/32/501/501,,int
4/1/8/32/501/502,,string
4/1/8/32/501/504,,int
4/1/8/32/501/505,,string
4/1/8/33,,unknown,EmptyData
4/1/8/34,,object
4/1/8/34/1,,object
4/1/8/34/1/1,,int
4/1/8/34/1/11,,object
4/1/8/34/1/11/1,,object
4/1/8/34/1/11/1/2,,float32
4/1/8/34/1/11/2,,object
4/1/8/34/1/11/2/1,,float32
4/1/8/34/1/11/2/2,,float32
4/1/8/34/1/11/2/3,,float32
4/1/8/34/1/11/3,,unknown,EmptyData
4/1/8/34/1/12,,object
4/1/8/34/1/12/1,,object
4/1/8/34/1/12/1/2,,float32
4/1/8/34/1/12/2,,float32
4/1/8/34/1/13,,object
4/1/8/34/1/13/1,,object
4/1/8/34/1/13/1/2,,float32
4/1/8/34/1/13/2,,object
4/1/8/34/1/13/2/1,,float32
4/1/8/34/1/13/2/2,,float32
4/1/8/34/1/13/2/3,,float32
4/1/8/34/1/13/3,,float32
4/1/8/34/1/13/4,,float32
4/1/8/34/1/13/5,,unknown,EmptyData
4/1/8/34/1/502,,string
4/1/8/34/1/503,,int
4/1/8/37,,unknown,EmptyData
4/1/8/38,,object
4/1/8/38/1,*,object
4/1/8/38/1/1,,int
4/1/8/38/1/3,,int
4/1/8/38/1/4,,object
4/1/8/38/1/4/1,,int
4/1/8/38/1/4/2,,int
4/1/8/38/501,*,object
4/1/8/38/501/501,,int
4/1/8/38/501/502,,int
4/1/8/38/501/503,,string
4/1/8/38/501/504,,object
4/1/8/38/501/504/1,,int
4/1/8/38/501/504/2,,int
4/1/8/38/501/505,,float32
4/1/8/38/501/506,,object
4/1/8/38/501/506/502,,float32
4/1/8/38/501/507,,float32
4/1/8/38/501/508,,float32
4/1/8/38/501/510,,int
4/1/8/38/501/511,*,object
4/1/8/38/501/511/501,,int
4/1/8/38/501/511/502,,object
4/1/8/38/501/511/502/502,,int
4/1/8/38/501/511/502/503,,object
4/1/8/38/501/511/502/503/501,,float32
4/1/8/38/501/511/502/503/502,,float32
4/1/8/38/501/511/502/504,,object
4/1/8/38/501/511/502/504/501,,string
4/1/8/38/501/511/502/505,,unknown,EmptyData
4/1/8/38/501/511/502/506,,int
4/1/8/38/501/511/503,,object
4/1/8/38/501/511/503/502,,int
4/1/8/38/501/511/503/503,,int
4/1/8/38/501/511/503/504,,object
4/1/8/38/501/511/503/504/501,,float32
4/1/8/38/501/511/503/504/502,,float32
4/1/8/38/501/511/503/505,,unknown,EmptyData
4/1/8/38/501/511/505,,int
4/1/8/38/501/512,,object
4/1/8/38/501/512/501,,int
4/1/8/38/501/512/502,,object
4/1/8/38/501/512/502/502,,int
4/1/8/38/501/512/502/503,,object
4/1/8/38/501/512/502/503/501,,float32
4/1/8/38/501/512/502/503/502,,float32
4/1/8/38/501/512/502/504,,object
4/1/8/38/501/512/502/504/501,,string
4/1/8/38/501/512/502/505,,object
4/1/8/38/501/512/502/505/502,,float32
4/1/8/38/501/512/502/506,,int
4/1/8/38/501/512/502/507,,int
4/1/8/38/501/512/502/508,,int
4/1/8/38/501/512/503,,object
4/1/8/38/501/512/503/502,,int
4/1/8/38/501/512/503/504,,object
4/1/8/38/501/512/503/504/501,,float32
4/1/8/38/501/512/503/504/502,,float32
4/1/8/38/501/512/503/505,,object
4/1/8/38/501/512/503/505/502,,float32
4/1/8/38/501/512/504,,object
4/1/8/38/501/512/504/503,,int
4/1/8/38/501/512/504/504,,object
4/1/8/38/501/512/504/504/501,,int
4/1/8/38/501/512/504/504/502,,string
4/1/8/38/501/512/504/505,,object
4/1/8/38/501/512/504/505/501,,int
4/1/8/38/501/512/504/505/502,,string
4/1/8/38/501/512/504/506,,object
4/1/8/38/501/512/504/506/501,,int
4/1/8/38/501/512/504/506/502,,string
4/1/8/38/501/512/504/508,,int
4/1/8/38/501/512/504/509,,object
4/1/8/38/501/512/504/509/501,,float32
4/1/8/38/501/512/504/509/502,,float32
4/1/8/38/501/512/504/510,,object
4/1/8/38/501/512/504/510/502,,float32
4/1/8/38/501/512/504/511,,float32
4/1/8/38/501/512/505,,object
4/1/8/38/501/512/505/501,,int
4/1/8/38/501/512/505/506,,unknown,EmptyData
4/1/8/38/501/512/506,,object
4/1/8/38/501/512/506/502,,object
4/1/8/38/501/512/506/502/502,,float32
4/1/8/38/501/512/506/503,,object
4/1/8/38/501/512/506/503/501,,float32
4/1/8/38/501/512/506/503/502,,float32
4/1/8/38/501/512/506/504,,int
4/1/8/38/501/512/506/506,,int
4/1/8/38/501/512/506/508,,float32
4/1/8/38/501/512/507,,object
4/1/8/38/501/512/507/501,,unknown,EmptyData
4/1/8/38/501/512/507/502,,object
4/1/8/38/501/512/507/502/501,,float32
4/1/8/38/501/512/507/502/502,,float32
4/1/8/38/501/512/507/504,,int
4/1/8/38/501/512/602,,int
4/1/8/38/501/514,,int
4/1/8/38/501/515,,unknown,EmptyData
4/1/8/38/501/602,,string
4/1/8/38/501/603,,int
4/1/8/38/501/604,,object
4/1/8/38/501/604/1,,int
4/1/8/38/501/604/2,,int
4/1/8/38/501/605,,int
4/1/8/39,,object
4/1/8/39/1,,object
4/1/8/39/1/1,,int
4/1/8/39/1/3,,int
4/1/8/39/1/4,,object
4/1/8/39/1/4/1,,int
4/1/8/39/1/4/2,,int
4/1/8/39/501,,object
4/1/8/39/501/501,,int
4/1/8/39/501/502,,int
4/1/8/39/501/503,,string
4/1/8/39/501/504,,unknown,EmptyData
4/1/8/39/501/505,,float32
4/1/8/39/501/506,,object
4/1/8/39/501/506/502,,float32
4/1/8/39/501/509,,object
4/1/8/39/501/509/502,,int
4/1/8/39/501/509/503,,object
4/1/8/39/501/509/503/501,,string
4/1/8/39/501/509/504,,float32
4/1/8/39/501/509/601,,int
4/1/8/39/501/511,,int
4/1/8/39/501/601,,string
4/1/8/39/501/603,,object
4/1/8/39/501/603/1,,int
4/1/8/39/501/603/2,,int
4/1/8/39/501/605,,int
4/1/8/40,,object
4/1/8/40/1,,object
4/1/8/40/1/1,,int
4/1/8/40/1/2,,int
4/1/8/40/1/3,,int
4/1/8/40/1/4,,float32
4/1/8/40/1/5,,int
4/1/8/40/1/6,,float32
4/1/8/40/1/7,,int
4/1/8/40/1/8,,int
4/1/8/40/1/9,,float32
4/1/8/40/1/10,,string
4/1/8/40/1/11,,int
4/1/8/40/1/12,,unknown,EmptyData
4/1/8/40/1/501,,string
4/1/8/40/1/502,,int
4/1/8/43,,object
4/1/8/43/1,,object
4/1/8/43/1/1,,int
4/1/8/43/1/2,,int
4/1/8/43/1/5,,object
4/1/8/43/1/5/1,,int
4/1/8/43/1/5/2,,int
4/1/8/43/1/7,,int
4/1/8/43/501,,object
4/1/8/43/501/501,,int
4/1/8/43/501/502,,int
4/1/8/43/501/503,,object
4/1/8/43/501/503/1,,int
4/1/8/43/501/503/2,,int
4/1/8/43/501/504,,string
4/1/8/43/501/504/9,,float32
4/1/8/43/501/505,,int
4/1/8/43/501/507,,int
4/1/8/43/501/508,,int
4/1/8/43/501/509,,object
4/1/8/43/501/509/501,,int
4/1/8/43/501/509/502,,int
4/1/8/43/501/509/503,,int
4/1/8/43/501/510,,object
4/1/8/43/501/510/502,,int
4/1/8/43/501/510/503,,float32
4/1/8/43/501/511,,object
4/1/8/43/501/511/501,,string
4/1/8/43/501/511/502,,int
4/1/8/43/501/512,,object
4/1/8/43/501/512/502,,int
4/1/8/43/501/513,,object
4/1/8/43/501/513/502,,int
4/1/8/43/501/514,,int
4/1/8/43/501/516,,unknown,EmptyData
4/1/8/43/501/517,,string
4/1/8/51,,unknown,EmptyData
4/1/9,,int
4/1/10,,int
5,,object
5/1,*,object
5/1/1,,int
5/1/2,,object
5/1/2/1,,int
5/1/2/2,,int
5/1/5,*,object
5/1/5/1,,int
5/1/5/11,,object
5/1/5/11/1,,string
5/1/5/11/2,,int
5/1/5/12,,object
5/1/5/12/4,,data,size=0x1: 00
5/1/5/12/5,,int
5/1/5/12/6,,int
5/1/5/14,,object
5/1/5/14/1,,int
5/1/5/14/2,,float32
5/1/5/14/3,,float32
5/1/5/14/4,,int
5/1/5/14/5,,int
5/1/5/14/6,,int
5/1/5/14/7,,int
5/1/5/14/8,,int
5/1/5/14/9,,int
5/1/5/14/10,,data
5/1/5/22,,unknown,EmptyData
5/1/5/23,,object
5/1/5/23/1,,object
5/1/5/23/1/1,,object
5/1/5/23/1/1/2,,int
5/1/5/23/1/1/4,,string
5/1/5/23/1/1/11,,object
5/1/5/23/1/1/11/1,,int
5/1/5/23/1/1/11/3,,int
5/1/5/23/1/1/11/4,,object
5/1/5/23/1/1/11/4/1,,int
5/1/5/23/1/1/11/4/11,,object
5/1/5/23/1/1/11/4/11/1,,object
5/1/5/23/1/1/11/4/11/1/1,,float32
5/1/5/23/1/1/11/4/11/1/2,,float32
5/1/5/23/1/1/11/4/11/1/3,,float32
5/1/5/23/1/1/11/4/12,,object
5/1/5/23/1/1/11/4/12/1,,float32
5/1/5/23/1/1/11/4/13,,object
5/1/5/23/1/1/11/4/13/1,,float32
5/1/5/23/1/1/11/4/13/2,,float32
5/1/5/23/1/1/11/5,,int
5/1/5/23/1/1/11/6,,string
5/1/5/23/1/1/11/7,,unknown,EmptyData
5/1/5/23/1/1/11/8,,unknown,EmptyData
5/1/5/23/1/1/11/10,,object
5/1/5/23/1/1/11/10/4,,int
5/1/5/23/1/1/11/10/6,,int
5/1/5/23/1/1/11/10/7,,int
5/1/5/23/1/1/11/10/25,,unknown,EmptyData
5/1/5/23/1/1/11/11,,object
5/1/5/23/1/1/11/11/3,,int
5/1/5/23/1/1/11/11/5,,float32
5/1/5/23/1/1/11/11/6,,unknown,EmptyData
5/1/5/23/1/1/11/11/7,,unknown,EmptyData
5/1/5/23/1/1/11/11/8,,unknown,EmptyData
5/1/5/23/1/1/11/12,,int
5/1/5/23/1/1/11/13,,float32
5/1/5/23/1/1/11/14,,unknown,EmptyData
5/1/5/23/1/1/11/15,,unknown,EmptyData
5/1/5/23/1/1/11/20,,int
5/1/5/23/1/1/11/21,,object
5/1/5/23/1/1/11/21/1,,float32
5/1/5/23/1/1/11/21/3,,int
5/1/5/23/1/1/11/22,,unknown,EmptyData
5/1/5/23/1/1/12,,object
5/1/5/23/1/1/12/1,,string
5/1/5/23/1/1/12/2,,unknown,EmptyData
5/1/5/23/1/1/12/3,,unknown,EmptyData
5/1/5/23/1/1/12/4,,object
5/1/5/23/1/1/12/4/4,,int
5/1/5/23/1/1/12/4/6,,int
5/1/5/23/1/1/12/4/7,,int
5/1/5/23/1/1/12/4/8,,float32
5/1/5/23/1/1/12/4/25,,unknown,EmptyData
5/1/5/23/1/1/12/5,,object
5/1/5/23/1/1/12/5/3,,int
5/1/5/23/1/1/12/5/4,,int
5/1/5/23/1/1/12/5/5,,float32
5/1/5/23/1/1/12/5/6,,unknown,EmptyData
5/1/5/23/1/1/12/5/7,,unknown,EmptyData
5/1/5/23/1/1/12/5/8,,unknown,EmptyData
5/1/5/23/1/1/12/5/10,,int
5/1/5/23/1/1/12/5/11,,int
5/1/5/23/1/1/12/5/12,,float32
5/1/5/23/1/1/12/5/13,,float32
5/1/5/23/1/1/12/6,,int
5/1/5/23/1/1/12/7,,object
5/1/5/23/1/1/12/7/1,,float32
5/1/5/23/1/1/12/7/3,,int
5/1/5/23/1/3,,string
5/1/5/28,,unknown,EmptyData
5/1/5/29,,unknown,EmptyData
5/1/5/40,,object
5/1/5/40/1,,object
5/1/5/40/1/1,,int
5/1/5/40/1/2,,int
5/1/5/41,,object
5/1/5/41/1,,object
5/1/5/41/1/1,,float32
5/1/5/41/1/2,,float32
5/1/5/41/1/3,,float32
5/1/5/41/1/4,,float32
5/1/5/41/1/5,,float32
5/1/5/42,,object
5/1/5/42/1,,object
5/1/5/42/1/1,,float32
5/1/5/42/1/3,,float32
5/1/5/43,,object
5/1/5/43/1,,object
5/1/5/43/1/1,,data,size=0x1: 00
5/1/5/43/1/2,,float32
5/1/5/43/1/3,,int
5/1/5/43/1/4,,float32
5/1/5/43/1/5,,float32
5/1/5/43/1/7,,int
5/1/5/43/1/10,,int
5/1/5/43/1/11,,int
5/1/5/43/1/13,,int
5/1/5/44,,object
5/1/5/44/1,,object
5/1/5/44/1/1,,int
5/1/5/44/1/2,,float32
5/1/5/44/1/6,,float32
5/1/5/48,,object
5/1/5/48/1,,float32
5/1/5/48/2,,int
5/1/5/48/3,,int
5/1/5/50,,object
5/1/5/50/501,,data
5/1/5/57,,object
5/1/5/57/1,,object
5/1/5/57/1/2,*,object
5/1/5/57/1/2/1,,int
5/1/5/57/1/2/2,,float32
5/1/5/57/1/2/3,,float32
5/1/5/57/1/2/4,,int
5/1/5/57/1/2/5,,int
5/1/5/57/1/2/6,,float32
5/1/5/57/1/2/7,,float32
5/1/5/62,,unknown,EmptyData
5/1/5/65,,object
5/1/5/65/1,*,object
5/1/5/65/1/1,,int
5/1/5/65/1/2,,object
5/1/5/65/1/2/1,,float32
5/1/5/65/1/2/3,,float32
5/1/5/65/1/3,,object
5/1/5/65/1/3/2,,float32
5/1/5/65/1/5,,int
5/1/5/65/1/6,,int
5/1/5/65/1/7,,int
5/1/5/66,,object
5/1/5/66/1,,int
5/1/5/66/2,,int
5/1/5/66/3,,int
5/1/5/66/4,,int
5/1/5/70,,object
5/1/5/70/1,,unknown,EmptyData
5/1/6,*,object
5/1/6/1,,int
5/1/6/11,,object
5/1/6/11/1,,object
5/1/6/11/1/1,,float32
5/1/6/11/1/2,,float32
5/1/6/11/1/3,,float32
5/1/6/11/2,,object
5/1/6/11/2/1,,float32
5/1/6/11/2/2,,float32
5/1/6/11/2/3,,float32
5/1/6/11/3,,object
5/1/6/11/3/1,,float32
5/1/6/11/3/2,,float32
5/1/6/11/3/3,,float32
5/1/6/11/501,,int32
5/1/6/12,,object
5/1/6/12/2,,object
5/1/6/12/2/1,,int
5/1/6/12/2/2,,int
5/1/6/13,,object
5/1/6/13/1,*,object
5/1/6/13/1/1,,object
5/1/6/13/1/1/1,,int
5/1/6/13/1/1/2,,int
5/1/6/13/1/1/501,,int
5/1/6/14,,object
5/1/6/14/1,,int
5/1/6/15,,object
5/1/6/15/1,,int
5/1/6/15/2,,int
5/1/6/16,,object
5/1/6/16/1,,int
5/1/6/17,,object
5/1/6/17/1,,float32
5/1/6/17/2,,float32
5/1/6/17/3,,float32
5/1/6/17/4,,int
5/1/6/17/5,,int
5/1/6/17/6,,object
5/1/6/17/6/2,,int
5/1/6/17/8,,float32
5/1/6/17/9,,float32
5/1/6/17/10,,float32
5/1/6/17/11,,float32
5/1/6/17/12,,float32
5/1/6/17/13,,float32
5/1/6/17/14,,float32
5/1/6/17/15,,float32
5/1/6/18,,object
5/1/6/18/1,,int
5/1/6/18/501,,int
5/1/6/21,,object
5/1/6/21/1,*,object
5/1/6/21/1/1,,string
5/1/6/21/1/2,,object
5/1/6/21/1/2/2,,float32
5/1/6/21/1/3,,unknown,EmptyData
5/1/6/21/1/502,,string
5/1/6/21/1/504,,int
5/1/6/21/1/505,,string
5/1/6/22,,object
5/1/6/22/1,,int
5/1/6/22/501,,int
5/1/6/25,,object
5/1/6/25/1,,int
5/1/6/26,,object
5/1/6/26/2,,object
5/1/6/26/2/1,,int
5/1/6/26/2/10,,unknown,EmptyData
5/1/6/26/2/12,,unknown,EmptyData
5/1/6/26/2/13,,unknown,EmptyData
5/1/6/27,,unknown,EmptyData
5/1/6/29,,object
5/1/6/29/1,,int
5/1/7,*,object
5/1/7/1,,int
5/1/7/2,,int
5/1/7/11,,object
5/1/7/11/1,*,object
5/1/7/11/1/2,,string
5/1/7/11/1/3,,int
5/1/7/11/1/4,,object
5/1/7/11/1/4/1,,int
5/1/7/11/1/4/2,,object
5/1/7/11/1/4/2/1,,int
5/1/7/11/1/4/2/2,,object
5/1/7/11/1/4/2/2/1,,int
5/1/7/11/1/4/2/2/2,,int
5/1/7/11/1/4/2/2/502,,int
5/1/7/11/1/4/2/2/503,,int
5/1/7/11/1/4/11,,unknown,EmptyData
5/1/7/11/1/4/12,,object
5/1/7/11/1/4/12/1,,int
5/1/7/11/1/4/13,,object
5/1/7/11/1/4/13/1,,int
5/1/7/11/1/4/14,,object
5/1/7/11/1/4/14/1,,int
5/1/7/11/1/4/15,,object
5/1/7/11/1/4/15/1,,float32
5/1/7/11/1/4/16,,object
5/1/7/11/1/4/16/1,,string
5/1/7/11/1/4/17,,object
5/1/7/11/1/4/17/1,,data
5/1/7/11/1/4/18,,object
5/1/7/11/1/4/18/1,,data
5/1/7/11/1/4/19,,object
5/1/7/11/1/4/19/1,,data
5/1/7/11/1/4/19/1/0,*,int
5/1/7/11/1/4/20,,object
5/1/7/11/1/4/20/1,,data
5/1/7/11/1/4/20/1/0,*,int
5/1/7/11/1/4/20/1/1044,,int
5/1/7/11/1/4/20/1/1065,,int
5/1/7/11/1/4/21,,object
5/1/7/11/1/4/21/1,*,string
5/1/7/11/1/4/22,,object
5/1/7/11/1/4/22/1,,object
5/1/7/11/1/4/22/1/1,,float32
5/1/7/11/1/4/22/1/2,,float32
5/1/7/11/1/4/22/1/3,,float32
5/1/7/11/1/4/23,,object
5/1/7/11/1/4/23/1,,object
5/1/7/11/1/4/23/1/0,,int
5/1/7/11/1/4/25,,object
5/1/7/11/1/4/25/1,*,object
5/1/7/11/1/4/25/1/3,,float32
5/1/7/11/1/4/31,,object
5/1/7/11/1/4/31/1,,object
5/1/7/11/1/4/31/1/1,,int
5/1/7/11/1/4/31/1/2,,int
5/1/7/11/1/4/32,,object
5/1/7/11/1/4/32/1,*,object
5/1/7/11/1/4/32/1/1,,int
5/1/7/11/1/4/32/1/2,,int
5/1/7/11/1/4/33,,object
5/1/7/11/1/4/33/1,*,object
5/1/7/11/1/4/33/1/1,,int
5/1/7/11/1/4/33/1/2,,int
5/1/7/11/1/4/35,,object
5/1/7/11/1/4/35/1,*,object
5/1/7/11/1/4/35/1/1,,int
5/1/7/11/1/4/35/1/2,,object
5/1/7/11/1/4/35/1/2/1,,int
5/1/7/11/1/4/35/1/2/2,,unknown,EmptyData
5/1/7/11/1/4/35/1/13,,object
5/1/7/11/1/4/35/1/13/1,,int
5/1/7/11/1/4/35/1/15,,unknown,EmptyData
5/1/7/11/1/4/35/1/16,,unknown,EmptyData
5/1/7/11/1/4/35/1/18,,object
5/1/7/11/1/4/35/1/18/1,,data
5/1/7/11/1/4/35/1/20,,object
5/1/7/11/1/4/35/1/20/1,,data
5/1/7/11/1/4/35/1/501,,string
5/1/7/11/1/4/35/501,,int
5/1/7/11/1/4/35/502,,object
5/1/7/11/1/4/35/502/2,,int
5/1/7/11/1/4/35/502/4,,int
5/1/7/11/1/4/36,,object
5/1/7/11/1/4/36/1,*,object
5/1/7/11/1/4/36/1/1,,int
5/1/7/11/1/4/36/1/2,,object
5/1/7/11/1/4/36/1/2/1,,int
5/1/7/11/1/4/36/1/2/2,,object
5/1/7/11/1/4/36/1/2/2/1,,int
5/1/7/11/1/4/36/1/2/2/2,,int
5/1/7/11/1/4/36/1/35,,object
5/1/7/11/1/4/36/1/35/1,*,object
5/1/7/11/1/4/36/1/35/1/1,,int
5/1/7/11/1/4/36/1/35/1/2,,object
5/1/7/11/1/4/36/1/35/1/2/1,,int
5/1/7/11/1/4/36/1/35/1/2/2,,unknown,EmptyData
5/1/7/11/1/4/36/1/35/1/13,,object
5/1/7/11/1/4/36/1/35/1/13/1,,int
5/1/7/11/1/4/36/1/35/1/14,,object
5/1/7/11/1/4/36/1/35/1/14/1,,int
5/1/7/11/1/4/36/1/35/1/15,,object
5/1/7/11/1/4/36/1/35/1/15/1,,float32
5/1/7/11/1/4/36/1/35/1/16,,object
5/1/7/11/1/4/36/1/35/1/16/1,,string
5/1/7/11/1/4/36/1/35/1/18,,object
5/1/7/11/1/4/36/1/35/1/18/1,,data
5/1/7/11/1/4/36/1/35/1/20,,object
5/1/7/11/1/4/36/1/35/1/20/1,,data
5/1/7/11/1/4/36/1/35/1/22,,object
5/1/7/11/1/4/36/1/35/1/22/1,,object
5/1/7/11/1/4/36/1/35/1/22/1/1,,float32
5/1/7/11/1/4/36/1/35/1/22/1/2,,float32
5/1/7/11/1/4/36/1/35/1/22/1/3,,float32
5/1/7/11/1/4/36/1/35/1/501,,string
5/1/7/11/1/4/36/1/35/501,,int
5/1/7/11/1/4/36/1/35/502,,object
5/1/7/11/1/4/36/1/35/502/2,,int
5/1/7/11/1/4/36/1/35/502/4,,int
5/1/7/11/1/4/36/501,,int
5/1/7/11/1/4/37,,object
5/1/7/11/1/4/37/1,*,object
5/1/7/11/1/4/37/1/1,,int
5/1/7/11/1/4/37/1/2,,object
5/1/7/11/1/4/37/1/2/1,,int
5/1/7/11/1/4/37/1/2/2,,object
5/1/7/11/1/4/37/1/2/2/2,,int
5/1/7/11/1/4/37/1/2/2/502,,int
5/1/7/11/1/4/37/1/2/2/503,,int
5/1/7/11/1/4/37/1/35,,object
5/1/7/11/1/4/37/1/35/1,*,object
5/1/7/11/1/4/37/1/35/1/1,,int
5/1/7/11/1/4/37/1/35/1/2,,object
5/1/7/11/1/4/37/1/35/1/2/1,,int
5/1/7/11/1/4/37/1/35/1/2/2,,unknown,EmptyData
5/1/7/11/1/4/37/1/35/1/13,,object
5/1/7/11/1/4/37/1/35/1/13/1,,int
5/1/7/11/1/4/37/1/35/1/16,,object
5/1/7/11/1/4/37/1/35/1/16/1,,string
5/1/7/11/1/4/37/1/35/1/18,,object
5/1/7/11/1/4/37/1/35/1/18/1,,data
5/1/7/11/1/4/37/1/35/1/30,,object
5/1/7/11/1/4/37/1/35/1/30/1,,object
5/1/7/11/1/4/37/1/35/1/30/1/1,,int
5/1/7/11/1/4/37/1/35/1/30/1/2,,int
5/1/7/11/1/4/37/1/35/501,,int
5/1/7/11/1/4/37/1/35/502,,object
5/1/7/11/1/4/37/1/35/502/2,,int
5/1/7/11/1/4/37/1/35/502/4,,int
5/1/7/11/1/4/37/501,*,object
5/1/7/11/1/4/37/501/1,,int
5/1/7/11/1/4/37/501/2,,object
5/1/7/11/1/4/37/501/2/1,,int
5/1/7/11/1/4/37/501/2/2,,unknown,EmptyData
5/1/7/11/1/4/37/501/13,,object
5/1/7/11/1/4/37/501/13/1,,int
5/1/7/11/1/4/37/501/16,,object
5/1/7/11/1/4/37/501/16/1,,string
5/1/7/11/1/4/37/502,*,object
5/1/7/11/1/4/37/502/1,,int
5/1/7/11/1/4/37/502/2,,object
5/1/7/11/1/4/37/502/2/1,,int
5/1/7/11/1/4/37/502/2/2,,unknown,EmptyData
5/1/7/11/1/4/37/502/18,,object
5/1/7/11/1/4/37/502/18/1,,data
5/1/7/11/1/4/37/502/30,,object
5/1/7/11/1/4/37/502/30/1,,object
5/1/7/11/1/4/37/502/30/1/1,,int
5/1/7/11/1/4/37/502/30/1/2,,int
5/1/7/11/1/4/37/503,,int
5/1/7/11/1/4/37/504,,int
5/1/7/11/1/5,,int
5/1/7/11/1/6,,object
5/1/7/11/1/6/1,,int
5/1/7/11/1/6/2,,object
5/1/7/11/1/6/2/1,,int
5/1/7/11/1/6/2/2,,int
5/1/7/11/1/6/2/502,,int
5/1/7/11/1/6/2/503,,int
5/1/7/13,,unknown,EmptyData
5/1/7/14,,object
5/1/7/14/1,*,object
5/1/7/14/1/1,,string
5/1/7/14/1/2,,int
5/1/7/14/1/3,,int
5/1/7/14/1/11,,object
5/1/7/14/1/11/1,,float32
5/1/7/14/1/11/2,,object
5/1/7/14/1/11/2/2,,float32
5/1/7/14/1/11/501,,object
5/1/7/14/1/11/501/2,,float32
5/1/7/14/1/12,,object
5/1/7/14/1/12/1,,float32
5/1/7/14/1/12/2,,float32
5/1/7/14/1/12/3,,object
5/1/7/14/1/12/3/2,,float32
5/1/7/14/1/13,,unknown,EmptyData
5/1/7/14/1/502,,object
5/1/7/14/1/502/2,,int
5/1/7/14/1/502/501,*,object
5/1/7/14/1/502/501/2,,object
5/1/7/14/1/502/501/2/1,,float32
5/1/7/14/1/502/501/2/2,,float32
5/1/7/14/1/502/501/2/3,,float32
5/1/7/14/1/502/501/3,,object
5/1/7/14/1/502/501/3/2,,float32
5/1/7/14/1/502/501/4,,float32
5/1/7/14/1/502/501/5,,int
5/1/7/14/1/502/501/6,,int
5/1/7/14/1/502/501/7,,unknown,EmptyData
5/1/7/14/1/502/501/8,,unknown,EmptyData
5/1/7/14/1/502/502,,unknown,EmptyData
5/1/7/14/1/503,,int
5/1/7/14/3,*,object
5/1/7/14/3/1,,string
5/1/7/14/3/2,,int
5/1/7/14/3/501,,int
5/1/7/14/3/511,,object
5/1/7/14/3/511/1,,int
5/1/7/14/3/511/11,,object
5/1/7/14/3/511/11/1,,float32
5/1/7/14/3/511/11/2,,object
5/1/7/14/3/511/11/2/2,,float32
5/1/7/14/3/511/11/501,,object
5/1/7/14/3/511/11/501/2,,float32
5/1/7/14/3/511/12,,object
5/1/7/14/3/511/12/1,,float32
5/1/7/14/3/511/12/2,,float32
5/1/7/14/3/511/12/3,,object
5/1/7/14/3/511/12/3/2,,float32
5/1/7/14/3/511/13,,unknown,EmptyData
5/1/7/14/3/511/502,,object
5/1/7/14/3/511/502/2,,int
5/1/7/14/3/511/502/501,*,object
5/1/7/14/3/511/502/501/2,,object
5/1/7/14/3/511/502/501/2/1,,float32
5/1/7/14/3/511/502/501/2/2,,float32
5/1/7/14/3/511/502/501/2/3,,float32
5/1/7/14/3/511/502/501/3,,object
5/1/7/14/3/511/502/501/3/2,,float32
5/1/7/14/3/511/502/501/4,,float32
5/1/7/14/3/511/502/501/5,,int
5/1/7/14/3/511/502/501/6,,int
5/1/7/14/3/511/502/501/7,,unknown,EmptyData
5/1/7/14/3/511/502/501/8,,unknown,EmptyData
5/1/7/14/3/511/502/502,,unknown,EmptyData
5/1/7/14/3/512,,object
5/1/7/14/3/512/1,,int
5/1/7/14/3/512/15,,object
5/1/7/14/3/512/15/1,,object
5/1/7/14/3/512/15/1/1,,float32
5/1/7/14/3/512/15/1/3,,float32
5/1/7/14/3/512/15/2,,unknown,EmptyData
5/1/7/14/3/512/15/3,,int
5/1/7/14/3/512/15/4,,float32
5/1/7/14/3/512/15/6,,int
5/1/7/14/3/512/15/7,,float32
5/1/7/14/3/512/502,,object
5/1/7/14/3/512/502/2,,int
5/1/7/14/3/512/502/502,,unknown,EmptyData
5/1/7/14/3/513,,object
5/1/7/14/3/513/1,,int
5/1/7/14/3/513/13,,unknown,EmptyData
5/1/7/14/3/513/502,,object
5/1/7/14/3/513/502/2,,int
5/1/7/14/3/513/502/502,,unknown,EmptyData
5/1/7/14/3/513/502/503,,int
5/1/7/14/4,,int
5/1/7/14/505,,int
5/1/7/15,,object
5/1/7/15/1,*,object
5/1/7/15/1/1,,int
5/1/7/15/1/2,,int
5/1/7/15/1/3,,data
5/1/7/15/1/4,*,object
5/1/7/15/1/4/1,,int
5/1/7/15/1/4/2,,int
5/1/7/15/1/4/11,,object
5/1/7/15/1/4/11/1,,object
5/1/7/15/1/4/11/1/1,,float32
5/1/7/15/1/4/11/1/2,,float32
5/1/7/15/1/4/11/1/3,,float32
5/1/7/15/1/4/11/2,,object
5/1/7/15/1/4/11/2/1,,float32
5/1/7/15/1/4/11/2/2,,float32
5/1/7/15/1/4/11/2/3,,float32
5/1/7/15/1/4/11/3,,unknown,EmptyData
5/1/7/15/1/4/12,,object
5/1/7/15/1/4/12/1,,object
5/1/7/15/1/4/12/1/1,,float32
5/1/7/15/1/4/12/1/2,,float32
5/1/7/15/1/4/12/1/3,,float32
5/1/7/15/1/4/12/2,,float32
5/1/7/15/1/4/502,,string
5/1/7/15/1/4/503,,int
5/1/7/15/1/502,,string
5/1/7/15/1/503,,data
5/1/7/16,,object
5/1/7/16/1,*,object
5/1/7/16/1/1,,int
5/1/7/16/1/2,,string
5/1/7/16/1/3,,int
5/1/7/16/1/4,,int
5/1/7/16/1/5,,object
5/1/7/16/1/5/1,,float32
5/1/7/16/1/5/2,,float32
5/1/7/16/1/5/3,,float32
5/1/7/16/1/6,,object
5/1/7/16/1/6/2,,float32
5/1/7/16/1/6/3,,float32
5/1/7/16/1/7,,float32
5/1/7/16/1/8,,object
5/1/7/16/1/8/1,,int
5/1/7/16/1/8/2,,int
5/1/7/16/1/10,,object
5/1/7/16/1/10/2,,int
5/1/7/16/1/11,,int
5/1/7/16/1/502,,int
5/1/7/16/1/503,,string
5/1/7/16/1/506,,int
5/1/7/16/1/507,,int
5/1/7/18,,object
5/1/7/18/1,,object
5/1/7/18/1/1,,int
5/1/7/18/1/2,,int
5/1/7/18/1/4,*,object
5/1/7/18/1/4/1,,int
5/1/7/18/1/4/11,,object
5/1/7/18/1/4/11/1,,object
5/1/7/18/1/4/11/1/1,,float32
5/1/7/18/1/4/11/1/2,,float32
5/1/7/18/1/4/11/1/3,,float32
5/1/7/18/1/4/11/2,,object
5/1/7/18/1/4/11/2/1,,float32
5/1/7/18/1/4/11/2/2,,float32
5/1/7/18/1/4/11/2/3,,float32
5/1/7/18/1/4/11/3,,unknown,EmptyData
5/1/7/18/1/4/13,,object
5/1/7/18/1/4/13/1,,unknown,EmptyData
5/1/7/18/1/4/13/2,,unknown,EmptyData
5/1/7/18/1/4/13/3,,float32
5/1/7/18/1/4/13/4,,float32
5/1/7/18/1/4/13/5,,unknown,EmptyData
5/1/7/18/1/4/502,,string
5/1/7/18/1/4/503,,int
5/1/7/18/1/502,,string
5/1/7/18/501,,int
5/1/7/19,,object
5/1/7/19/1,,int
5/1/7/19/2,,string
5/1/7/19/3,,object
5/1/7/19/3/1,,float32
5/1/7/19/3/2,,float32
5/1/7/19/3/3,,float32
5/1/7/19/4,,object
5/1/7/19/4/1,,float32
5/1/7/19/4/2,,float32
5/1/7/19/4/3,,float32
5/1/7/19/5,,int
5/1/7/19/6,,int
5/1/7/19/7,,object
5/1/7/19/7/1,,int
5/1/7/19/7/11,,unknown,EmptyData
5/1/7/19/7/13,,object
5/1/7/19/7/13/1,,float32
5/1/7/19/7/13/2,,float32
5/1/7/19/7/13/3,,float32
5/1/7/19/7/13/501,,float32
5/1/7/19/502,,string
5/1/7/24,,object
5/1/7/24/1,*,object
5/1/7/24/1/1,,object
5/1/7/24/1/1/1,,int
5/1/7/24/1/1/2,,int
5/1/7/24/1/2,,int
5/1/7/26,,object
5/1/7/26/1,,string
5/1/7/27,,object
5/1/7/27/1,,object
5/1/7/27/1/1,,int
5/1/7/27/1/11,,object
5/1/7/27/1/11/1,,object
5/1/7/27/1/11/1/2,,float32
5/1/7/27/1/11/2,,object
5/1/7/27/1/11/2/1,,float32
5/1/7/27/1/11/2/2,,float32
5/1/7/27/1/11/2/3,,float32
5/1/7/27/1/11/3,,unknown,EmptyData
5/1/7/27/1/12,,object
5/1/7/27/1/12/1,,unknown,EmptyData
5/1/7/27/1/12/2,,float32
5/1/7/27/1/502,,string
5/1/7/27/1/503,,int
5/1/7/27/2,*,object
5/1/7/27/2/1,,int
5/1/7/27/2/2,,string
5/1/7/27/2/3,,int
5/1/7/27/2/4,,int
5/1/7/27/2/5,,int
5/1/7/27/2/6,,object
5/1/7/27/2/6/1,,int
5/1/7/27/2/6/2,,int
5/1/7/27/2/503,,string
5/1/7/27/2/504,,int
5/1/7/28,,object
5/1/7/28/3,,int
5/1/7/28/5,,int
5/1/7/28/9,,object
5/1/7/28/9/1,,int
5/1/7/28/9/2,,string
5/1/7/28/9/3,,int
5/1/7/28/9/4,,int
5/1/7/28/9/5,,object
5/1/7/28/9/5/2,,float32
5/1/7/28/9/6,,unknown,EmptyData
5/1/7/28/9/7,,float32
5/1/7/28/9/8,,unknown,EmptyData
5/1/7/28/9/10,,object
5/1/7/28/9/10/2,,int
5/1/7/28/9/11,,int
5/1/7/28/9/501,,int
5/1/7/28/9/503,,string
5/1/7/28/9/507,,int
5/1/7/28/10,,object
5/1/7/28/10/1,,int
5/1/7/28/10/2,,string
5/1/7/28/10/3,,int
5/1/7/28/10/4,,int
5/1/7/28/10/5,,object
5/1/7/28/10/5/1,,float32
5/1/7/28/10/5/2,,float32
5/1/7/28/10/6,,unknown,EmptyData
5/1/7/28/10/7,,float32
5/1/7/28/10/8,,unknown,EmptyData
5/1/7/28/10/10,,object
5/1/7/28/10/10/2,,int
5/1/7/28/10/11,,int
5/1/7/28/10/501,,int
5/1/7/28/10/503,,string
5/1/7/28/10/507,,int
5/1/7/28/11,,string
5/1/7/29,,object
5/1/7/29/1,,object
5/1/7/29/1/1,,int
5/1/7/29/1/2,,int
5/1/7/29/1/3,,object
5/1/7/29/1/3/1,,int
5/1/7/29/1/3/11,,object
5/1/7/29/1/3/11/1,,object
5/1/7/29/1/3/11/1/1,,float32
5/1/7/29/1/3/11/1/2,,float32
5/1/7/29/1/3/11/2,,object
5/1/7/29/1/3/11/2/1,,float32
5/1/7/29/1/3/11/2/2,,float32
5/1/7/29/1/3/11/2/3,,float32
5/1/7/29/1/3/11/3,,unknown,EmptyData
5/1/7/29/1/3/12,,object
5/1/7/29/1/3/12/1,,object
5/1/7/29/1/3/12/1/2,,float32
5/1/7/29/1/3/12/2,,float32
5/1/7/29/1/3/502,,string
5/1/7/29/1/3/503,,int
5/1/7/29/1/502,,string
5/1/7/32,,object
5/1/7/32/501,,object
5/1/7/32/501/1,,string
5/1/7/32/501/2,,object
5/1/7/32/501/2/2,,float32
5/1/7/32/501/3,,unknown,EmptyData
5/1/7/32/501/501,,int
5/1/7/32/501/502,,string
5/1/7/32/501/504,,int
5/1/7/33,,unknown,EmptyData
5/1/7/34,,object
5/1/7/34/1,,object
5/1/7/34/1/1,,int
5/1/7/34/1/11,,object
5/1/7/34/1/11/1,,object
5/1/7/34/1/11/1/2,,float32
5/1/7/34/1/11/2,,object
5/1/7/34/1/11/2/1,,float32
5/1/7/34/1/11/2/2,,float32
5/1/7/34/1/11/2/3,,float32
5/1/7/34/1/11/3,,unknown,EmptyData
5/1/7/34/1/12,,object
5/1/7/34/1/12/1,,object
5/1/7/34/1/12/1/2,,float32
5/1/7/34/1/12/2,,float32
5/1/7/34/1/13,,object
5/1/7/34/1/13/1,,object
5/1/7/34/1/13/1/2,,float32
5/1/7/34/1/13/2,,object
5/1/7/34/1/13/2/1,,float32
5/1/7/34/1/13/2/2,,float32
5/1/7/34/1/13/2/3,,float32
5/1/7/34/1/13/3,,float32
5/1/7/34/1/13/4,,float32
5/1/7/34/1/13/5,,unknown,EmptyData
5/1/7/34/1/502,,string
5/1/7/34/1/503,,int
5/1/7/37,,unknown,EmptyData
5/1/7/38,,object
5/1/7/38/1,*,object
5/1/7/38/1/1,,int
5/1/7/38/1/3,,int
5/1/7/38/1/4,,object
5/1/7/38/1/4/1,,int
5/1/7/38/1/4/2,,int
5/1/7/38/501,*,object
5/1/7/38/501/501,,int
5/1/7/38/501/502,,int
5/1/7/38/501/503,,string
5/1/7/38/501/504,,unknown,EmptyData
5/1/7/38/501/505,,float32
5/1/7/38/501/506,,object
5/1/7/38/501/506/502,,float32
5/1/7/38/501/507,,float32
5/1/7/38/501/508,,float32
5/1/7/38/501/511,,object
5/1/7/38/501/511/501,,int
5/1/7/38/501/511/502,,object
5/1/7/38/501/511/502/502,,int
5/1/7/38/501/511/502/503,,object
5/1/7/38/501/511/502/503/501,,float32
5/1/7/38/501/511/502/503/502,,float32
5/1/7/38/501/511/502/504,,object
5/1/7/38/501/511/502/504/501,,string
5/1/7/38/501/511/502/505,,unknown,EmptyData
5/1/7/38/501/511/503,,object
5/1/7/38/501/511/503/502,,int
5/1/7/38/501/511/503/504,,object
5/1/7/38/501/511/503/504/501,,float32
5/1/7/38/501/511/503/504/502,,float32
5/1/7/38/501/511/503/505,,unknown,EmptyData
5/1/7/38/501/511/505,,int
5/1/7/38/501/512,,object
5/1/7/38/501/512/501,,int
5/1/7/38/501/512/502,,object
5/1/7/38/501/512/502/502,,int
5/1/7/38/501/512/502/503,,object
5/1/7/38/501/512/502/503/501,,float32
5/1/7/38/501/512/502/503/502,,float32
5/1/7/38/501/512/502/504,,object
5/1/7/38/501/512/502/504/501,,string
5/1/7/38/501/512/502/505,,object
5/1/7/38/501/512/502/505/502,,float32
5/1/7/38/501/512/502/507,,int
5/1/7/38/501/512/502/508,,int
5/1/7/38/501/512/503,,object
5/1/7/38/501/512/503/502,,int
5/1/7/38/501/512/503/504,,object
5/1/7/38/501/512/503/504/501,,float32
5/1/7/38/501/512/503/504/502,,float32
5/1/7/38/501/512/503/505,,unknown,EmptyData
5/1/7/38/501/512/504,,object
5/1/7/38/501/512/504/503,,int
5/1/7/38/501/512/504/504,,object
5/1/7/38/501/512/504/504/501,,int
5/1/7/38/501/512/504/504/502,,string
5/1/7/38/501/512/504/505,,object
5/1/7/38/501/512/504/505/501,,int
5/1/7/38/501/512/504/505/502,,string
5/1/7/38/501/512/504/506,,object
5/1/7/38/501/512/504/506/501,,int
5/1/7/38/501/512/504/506/502,,string
5/1/7/38/501/512/504/508,,int
5/1/7/38/501/512/504/509,,object
5/1/7/38/501/512/504/509/501,,float32
5/1/7/38/501/512/504/509/502,,float32
5/1/7/38/501/512/504/510,,object
5/1/7/38/501/512/504/510/502,,float32
5/1/7/38/501/512/504/511,,float32
5/1/7/38/501/512/505,,object
5/1/7/38/501/512/505/501,,int
5/1/7/38/501/512/505/506,,unknown,EmptyData
5/1/7/38/501/512/506,,object
5/1/7/38/501/512/506/502,,object
5/1/7/38/501/512/506/502/502,,float32
5/1/7/38/501/512/506/503,,object
5/1/7/38/501/512/506/503/501,,float32
5/1/7/38/501/512/506/503/502,,float32
5/1/7/38/501/512/506/504,,int
5/1/7/38/501/512/506/506,,int
5/1/7/38/501/512/506/508,,float32
5/1/7/38/501/512/507,,object
5/1/7/38/501/512/507/501,,unknown,EmptyData
5/1/7/38/501/512/507/502,,object
5/1/7/38/501/512/507/502/501,,float32
5/1/7/38/501/512/507/502/502,,float32
5/1/7/38/501/512/602,,int
5/1/7/38/501/514,,int
5/1/7/38/501/515,,unknown,EmptyData
5/1/7/38/501/602,,string
5/1/7/38/501/603,,int
5/1/7/38/501/604,,object
5/1/7/38/501/604/1,,int
5/1/7/38/501/604/2,,int
5/1/7/38/501/605,,int
5/1/7/40,,object
5/1/7/40/1,,object
5/1/7/40/1/1,,int
5/1/7/40/1/2,,int
5/1/7/40/1/3,,int
5/1/7/40/1/4,,float32
5/1/7/40/1/5,,int
5/1/7/40/1/6,,float32
5/1/7/40/1/7,,int
5/1/7/40/1/8,,int
5/1/7/40/1/9,,float32
5/1/7/40/1/10,,string
5/1/7/40/1/11,,int
5/1/7/40/1/12,,unknown,EmptyData
5/1/7/40/1/501,,string
5/1/7/40/1/502,,int
5/1/7/43,,object
5/1/7/43/1,,object
5/1/7/43/1/1,,int
5/1/7/43/1/2,,int
5/1/7/43/1/5,,object
5/1/7/43/1/5/1,,int
5/1/7/43/1/5/2,,int
5/1/7/43/1/7,,int
5/1/7/43/501,,object
5/1/7/43/501/501,,int
5/1/7/43/501/502,,int
5/1/7/43/501/503,,object
5/1/7/43/501/503/1,,int
5/1/7/43/501/503/2,,int
5/1/7/43/501/504,,string
5/1/7/43/501/504/9,,float32
5/1/7/43/501/505,,int
5/1/7/43/501/506,,int
5/1/7/43/501/507,,int
5/1/7/43/501/508,,int
5/1/7/43/501/509,,object
5/1/7/43/501/509/501,,int
5/1/7/43/501/509/502,,int
5/1/7/43/501/509/503,,int
5/1/7/43/501/510,,object
5/1/7/43/501/510/502,,int
5/1/7/43/501/510/503,,float32
5/1/7/43/501/511,,object
5/1/7/43/501/511/501,,string
5/1/7/43/501/511/502,,int
5/1/7/43/501/512,,object
5/1/7/43/501/512/502,,int
5/1/7/43/501/513,,object
5/1/7/43/501/513/502,,int
5/1/7/43/501/514,,int
5/1/7/43/501/515,,int
5/1/7/43/501/516,,unknown,EmptyData
5/1/7/43/501/517,,string
5/1/7/51,,unknown,EmptyData
5/1/8,,int
6,,object
6/1,*,object
6/1/1,,int
6/1/2,,object
6/1/2/1,,string
6/1/2/3,,int
6/1/2/4,*,object
6/1/2/4/1,,string
6/1/2/4/3,,int
6/1/2/4/5,*,object
6/1/2/4/5/1,,int
6/1/2/4/5/2,,int
6/1/3,,object
6/1/3/1,,string
6/1/3/3,,int
6/1/3/5,*,object
6/1/3/5/1,,int
6/1/3/5/2,,int
7,,object
7/1,*,object
7/1/1,,int
7/1/2,,object
7/1/2/1,,string
7/1/3,,object
7/1/3/1,,object
7/1/3/1/1,,float32
7/1/3/1/2,,float32
7/1/3/1/3,,float32
7/1/3/2,,unknown,EmptyData
7/1/4,*,object
7/1/4/1,,int
7/1/4/2,,int
7/1/4/3,,int
7/1/4/4,,int
8,,object
8/1,*,object
8/1/1,,int
8/1/2,,object
8/1/2/1,,int
8/1/2/2,,int
8/1/5,*,object
8/1/5/1,,int
8/1/5/11,,object
8/1/5/11/1,,string
8/1/5/11/2,,int
8/1/5/22,,unknown,EmptyData
8/1/5/23,,object
8/1/5/23/1,,object
8/1/5/23/1/1,*,object
8/1/5/23/1/1/2,,int
8/1/5/23/1/1/4,,string
8/1/5/23/1/1/11,,object
8/1/5/23/1/1/11/1,,int
8/1/5/23/1/1/11/2,,data,size=0x2: FD 0A
8/1/5/23/1/1/11/3,,int
8/1/5/23/1/1/11/4,,object
8/1/5/23/1/1/11/4/1,,int
8/1/5/23/1/1/11/4/11,,object
8/1/5/23/1/1/11/4/11/1,,object
8/1/5/23/1/1/11/4/11/1/1,,float32
8/1/5/23/1/1/11/4/11/1/2,,float32
8/1/5/23/1/1/11/4/11/1/3,,float32
8/1/5/23/1/1/11/4/12,,object
8/1/5/23/1/1/11/4/12/1,,float32
8/1/5/23/1/1/11/4/13,,object
8/1/5/23/1/1/11/4/13/1,,float32
8/1/5/23/1/1/11/4/13/2,,float32
8/1/5/23/1/1/11/5,,int
8/1/5/23/1/1/11/6,,string
8/1/5/23/1/1/11/7,,unknown,EmptyData
8/1/5/23/1/1/11/8,,unknown,EmptyData
8/1/5/23/1/1/11/9,,int
8/1/5/23/1/1/11/10,,object
8/1/5/23/1/1/11/10/2,,float32
8/1/5/23/1/1/11/10/3,,float32
8/1/5/23/1/1/11/10/4,,int
8/1/5/23/1/1/11/10/5,,float32
8/1/5/23/1/1/11/10/6,,int
8/1/5/23/1/1/11/10/7,,int
8/1/5/23/1/1/11/10/8,,float32
8/1/5/23/1/1/11/10/10,,int
8/1/5/23/1/1/11/10/11,,object
8/1/5/23/1/1/11/10/11/1,,string
8/1/5/23/1/1/11/10/21,,int
8/1/5/23/1/1/11/10/25,,object
8/1/5/23/1/1/11/10/25/1,*,object
8/1/5/23/1/1/11/10/25/1/1,,float32
8/1/5/23/1/1/11/10/25/1/2,,float32
8/1/5/23/1/1/11/10/26,,float32
8/1/5/23/1/1/11/10/27,,float32
8/1/5/23/1/1/11/11,,object
8/1/5/23/1/1/11/11/1,,int
8/1/5/23/1/1/11/11/3,,int
8/1/5/23/1/1/11/11/4,,int
8/1/5/23/1/1/11/11/5,,float32
8/1/5/23/1/1/11/11/6,,unknown,EmptyData
8/1/5/23/1/1/11/11/7,,unknown,EmptyData
8/1/5/23/1/1/11/11/8,,unknown,EmptyData
8/1/5/23/1/1/11/11/9,,int
8/1/5/23/1/1/11/11/10,,int
8/1/5/23/1/1/11/11/11,,int
8/1/5/23/1/1/11/11/12,,float32
8/1/5/23/1/1/11/11/13,,float32
8/1/5/23/1/1/11/12,,int
8/1/5/23/1/1/11/13,,float32
8/1/5/23/1/1/11/14,,unknown,EmptyData
8/1/5/23/1/1/11/15,,unknown,EmptyData
8/1/5/23/1/1/11/20,,int
8/1/5/23/1/1/11/21,,object
8/1/5/23/1/1/11/21/1,,float32
8/1/5/23/1/1/11/21/3,,int
8/1/5/23/1/1/11/22,,unknown,EmptyData
8/1/5/23/1/1/11/23,,int
8/1/5/23/1/1/12,,object
8/1/5/23/1/1/12/1,,string
8/1/5/23/1/1/12/2,,unknown,EmptyData
8/1/5/23/1/1/12/3,,unknown,EmptyData
8/1/5/23/1/1/12/4,,object
8/1/5/23/1/1/12/4/2,,float32
8/1/5/23/1/1/12/4/4,,int
8/1/5/23/1/1/12/4/5,,float32
8/1/5/23/1/1/12/4/6,,int
8/1/5/23/1/1/12/4/7,,int
8/1/5/23/1/1/12/4/8,,float32
8/1/5/23/1/1/12/4/11,,object
8/1/5/23/1/1/12/4/11/1,,string
8/1/5/23/1/1/12/4/25,,unknown,EmptyData
8/1/5/23/1/1/12/5,,object
8/1/5/23/1/1/12/5/1,,int
8/1/5/23/1/1/12/5/3,,int
8/1/5/23/1/1/12/5/5,,float32
8/1/5/23/1/1/12/5/6,,unknown,EmptyData
8/1/5/23/1/1/12/5/7,,unknown,EmptyData
8/1/5/23/1/1/12/5/8,,unknown,EmptyData
8/1/5/23/1/1/12/5/9,,int
8/1/5/23/1/1/12/5/11,,int
8/1/5/23/1/1/12/5/12,,float32
8/1/5/23/1/1/12/5/13,,float32
8/1/5/23/1/1/12/6,,int
8/1/5/23/1/1/12/7,,object
8/1/5/23/1/1/12/7/1,,float32
8/1/5/23/1/1/12/7/3,,int
8/1/5/23/1/3,,string
8/1/5/28,,unknown,EmptyData
8/1/5/29,,unknown,EmptyData
8/1/5/40,,object
8/1/5/40/1,,object
8/1/5/40/1/1,,int
8/1/5/40/1/2,,int
8/1/5/41,,object
8/1/5/41/1,,object
8/1/5/41/1/1,,float32
8/1/5/41/1/2,,float32
8/1/5/41/1/3,,float32
8/1/5/41/1/4,,float32
8/1/5/41/1/5,,float32
8/1/5/42,,object
8/1/5/42/1,,object
8/1/5/42/1/1,,float32
8/1/5/42/1/2,,int
8/1/5/42/1/3,,float32
8/1/5/43,,object
8/1/5/43/1,,object
8/1/5/43/1/1,,data
8/1/5/43/1/2,,float32
8/1/5/43/1/3,,int
8/1/5/43/1/4,,float32
8/1/5/43/1/5,,float32
8/1/5/43/1/7,,int
8/1/5/43/1/10,,int
8/1/5/43/1/11,,int
8/1/5/43/1/13,,int
8/1/5/44,,object
8/1/5/44/1,,object
8/1/5/44/1/1,,int
8/1/5/44/1/2,,float32
8/1/5/44/1/3,,float32
8/1/5/44/1/6,,float32
8/1/5/48,,object
8/1/5/48/1,,float32
8/1/5/48/2,,int
8/1/5/48/3,,int
8/1/5/50,,object
8/1/5/50/501,,data
8/1/5/57,,object
8/1/5/57/1,,object
8/1/5/57/1/2,*,object
8/1/5/57/1/2/1,,int
8/1/5/57/1/2/2,,float32
8/1/5/57/1/2/3,,float32
8/1/5/57/1/2/4,,int
8/1/5/57/1/2/5,,int
8/1/5/57/1/2/6,,float32
8/1/5/57/1/2/7,,float32
8/1/5/62,,unknown,EmptyData
8/1/5/65,,object
8/1/5/65/1,*,object
8/1/5/65/1/1,,int
8/1/5/65/1/2,,object
8/1/5/65/1/2/1,,float32
8/1/5/65/1/2/2,,float32
8/1/5/65/1/2/3,,float32
8/1/5/65/1/3,,object
8/1/5/65/1/3/2,,float32
8/1/5/65/1/5,,int
8/1/5/65/1/6,,int
8/1/5/65/1/7,,int
8/1/5/66,,object
8/1/5/66/1,,int
8/1/5/66/2,,int
8/1/5/66/3,,int
8/1/5/66/4,,int
8/1/5/70,,object
8/1/5/70/1,,unknown,EmptyData
8/1/6,*,object
8/1/6/1,,int
8/1/6/11,,object
8/1/6/11/1,,object
8/1/6/11/1/1,,float32
8/1/6/11/1/2,,float32
8/1/6/11/1/3,,float32
8/1/6/11/2,,object
8/1/6/11/2/1,,float32
8/1/6/11/2/2,,float32
8/1/6/11/2/3,,float32
8/1/6/11/3,,object
8/1/6/11/3/1,,float32
8/1/6/11/3/2,,float32
8/1/6/11/3/3,,float32
8/1/6/11/501,,int32
8/1/6/12,,object
8/1/6/12/2,,object
8/1/6/12/2/1,,int
8/1/6/13,,object
8/1/6/13/1,*,object
8/1/6/13/1/1,,object
8/1/6/13/1/1/1,,int
8/1/6/13/1/1/2,,int
8/1/6/13/1/1/501,,int
8/1/6/14,,object
8/1/6/14/1,,int
8/1/6/15,,object
8/1/6/15/1,,int
8/1/6/15/2,,int
8/1/6/16,,object
8/1/6/16/1,,int
8/1/6/17,,object
8/1/6/17/1,,float32
8/1/6/17/2,,float32
8/1/6/17/3,,float32
8/1/6/17/4,,int
8/1/6/17/5,,int
8/1/6/17/6,,object
8/1/6/17/6/1,,int
8/1/6/17/6/2,,int
8/1/6/17/8,,float32
8/1/6/17/9,,float32
8/1/6/17/10,,float32
8/1/6/17/11,,float32
8/1/6/17/12,,float32
8/1/6/17/13,,float32
8/1/6/17/14,,float32
8/1/6/17/15,,float32
8/1/6/17/501,*,object
8/1/6/17/501/1,,int
8/1/6/17/501/2,,float32
8/1/6/17/501/3,,float32
8/1/6/17/501/4,,float32
8/1/6/18,,object
8/1/6/18/1,,int
8/1/6/18/501,,int
8/1/6/21,,object
8/1/6/21/1,*,object
8/1/6/21/1/1,,string
8/1/6/21/1/2,,unknown,EmptyData
8/1/6/21/1/3,,unknown,EmptyData
8/1/6/21/1/502,,string
8/1/6/21/1/504,,int
8/1/6/21/1/505,,string
8/1/6/22,,object
8/1/6/22/1,,int
8/1/6/22/501,,int
8/1/6/26,,object
8/1/6/26/2,,object
8/1/6/26/2/1,,int
8/1/6/26/2/10,,unknown,EmptyData
8/1/6/26/2/12,,unknown,EmptyData
8/1/6/26/2/13,,unknown,EmptyData
8/1/6/27,,unknown,EmptyData
8/1/6/29,,object
8/1/6/29/1,,int
8/1/7,*,object
8/1/7/1,,int
8/1/7/2,,int
8/1/7/11,,object
8/1/7/11/1,*,object
8/1/7/11/1/2,,string
8/1/7/11/1/3,,int
8/1/7/11/1/4,,object
8/1/7/11/1/4/1,,int
8/1/7/11/1/4/2,,object
8/1/7/11/1/4/2/1,,int
8/1/7/11/1/4/2/2,,unknown,EmptyData
8/1/7/11/1/4/11,,unknown,EmptyData
8/1/7/11/1/4/12,,object
8/1/7/11/1/4/12/1,,int
8/1/7/11/1/4/13,,object
8/1/7/11/1/4/13/1,,int
8/1/7/11/1/4/14,,object
8/1/7/11/1/4/14/1,,int
8/1/7/11/1/4/15,,unknown,EmptyData
8/1/7/11/1/4/16,,object
8/1/7/11/1/4/16/1,,string
8/1/7/11/1/4/22,,object
8/1/7/11/1/4/22/1,,unknown,EmptyData
8/1/7/11/1/4/27,,object
8/1/7/11/1/4/27/1,,int
8/1/7/11/1/4/30,,object
8/1/7/11/1/4/30/1,,object
8/1/7/11/1/4/30/1/2,,int
8/1/7/11/1/5,,int
8/1/7/11/1/6,,object
8/1/7/11/1/6/1,,int
8/1/7/11/1/6/2,,unknown,EmptyData
8/1/7/13,,unknown,EmptyData
8/1/7/14,,object
8/1/7/14/1,,object
8/1/7/14/1/1,,string
8/1/7/14/1/2,,int
8/1/7/14/1/3,,int
8/1/7/14/1/11,,object
8/1/7/14/1/11/1,,float32
8/1/7/14/1/11/2,,object
8/1/7/14/1/11/2/2,,float32
8/1/7/14/1/11/501,,object
8/1/7/14/1/11/501/2,,float32
8/1/7/14/1/12,,object
8/1/7/14/1/12/1,,float32
8/1/7/14/1/12/2,,float32
8/1/7/14/1/12/3,,object
8/1/7/14/1/12/3/2,,float32
8/1/7/14/1/13,,unknown,EmptyData
8/1/7/14/1/502,,object
8/1/7/14/1/502/2,,int
8/1/7/14/1/502/501,*,object
8/1/7/14/1/502/501/2,,object
8/1/7/14/1/502/501/2/2,,float32
8/1/7/14/1/502/501/2/3,,float32
8/1/7/14/1/502/501/3,,unknown,EmptyData
8/1/7/14/1/502/501/4,,float32
8/1/7/14/1/502/501/5,,int
8/1/7/14/1/502/501/7,,unknown,EmptyData
8/1/7/14/1/502/501/8,,unknown,EmptyData
8/1/7/14/1/502/502,,unknown,EmptyData
8/1/7/14/1/503,,int
8/1/7/14/3,,object
8/1/7/14/3/1,,string
8/1/7/14/3/2,,int
8/1/7/14/3/501,,int
8/1/7/14/3/511,,object
8/1/7/14/3/511/1,,int
8/1/7/14/3/511/11,,object
8/1/7/14/3/511/11/1,,float32
8/1/7/14/3/511/11/2,,object
8/1/7/14/3/511/11/2/2,,float32
8/1/7/14/3/511/11/501,,object
8/1/7/14/3/511/11/501/2,,float32
8/1/7/14/3/511/12,,object
8/1/7/14/3/511/12/1,,float32
8/1/7/14/3/511/12/2,,float32
8/1/7/14/3/511/12/3,,object
8/1/7/14/3/511/12/3/2,,float32
8/1/7/14/3/511/13,,unknown,EmptyData
8/1/7/14/3/511/502,,object
8/1/7/14/3/511/502/2,,int
8/1/7/14/3/511/502/501,*,object
8/1/7/14/3/511/502/501/2,,object
8/1/7/14/3/511/502/501/2/2,,float32
8/1/7/14/3/511/502/501/2/3,,float32
8/1/7/14/3/511/502/501/3,,unknown,EmptyData
8/1/7/14/3/511/502/501/4,,float32
8/1/7/14/3/511/502/501/5,,int
8/1/7/14/3/511/502/501/7,,unknown,EmptyData
8/1/7/14/3/511/502/501/8,,unknown,EmptyData
8/1/7/14/3/511/502/502,,unknown,EmptyData
8/1/7/14/3/512,,object
8/1/7/14/3/512/1,,int
8/1/7/14/3/512/15,,object
8/1/7/14/3/512/15/1,,object
8/1/7/14/3/512/15/1/1,,float32
8/1/7/14/3/512/15/1/3,,float32
8/1/7/14/3/512/15/2,,unknown,EmptyData
8/1/7/14/3/512/15/3,,int
8/1/7/14/3/512/15/4,,float32
8/1/7/14/3/512/15/6,,int
8/1/7/14/3/512/15/7,,float32
8/1/7/14/3/512/502,,object
8/1/7/14/3/512/502/2,,int
8/1/7/14/3/512/502/502,,unknown,EmptyData
8/1/7/14/3/513,,object
8/1/7/14/3/513/1,,int
8/1/7/14/3/513/13,,unknown,EmptyData
8/1/7/14/3/513/502,,object
8/1/7/14/3/513/502/2,,int
8/1/7/14/3/513/502/502,,unknown,EmptyData
8/1/7/14/3/513/502/503,,int
8/1/7/14/505,,int
8/1/7/15,,object
8/1/7/15/1,,object
8/1/7/15/1/1,,int
8/1/7/15/1/2,,int
8/1/7/15/1/3,,data
8/1/7/15/1/4,*,object
8/1/7/15/1/4/1,,int
8/1/7/15/1/4/11,,object
8/1/7/15/1/4/11/1,,object
8/1/7/15/1/4/11/1/1,,float32
8/1/7/15/1/4/11/1/2,,float32
8/1/7/15/1/4/11/1/3,,float32
8/1/7/15/1/4/11/2,,object
8/1/7/15/1/4/11/2/1,,float32
8/1/7/15/1/4/11/2/2,,float32
8/1/7/15/1/4/11/2/3,,float32
8/1/7/15/1/4/11/3,,object
8/1/7/15/1/4/11/3/2,,float32
8/1/7/15/1/4/12,,object
8/1/7/15/1/4/12/1,,object
8/1/7/15/1/4/12/1/1,,float32
8/1/7/15/1/4/12/1/2,,float32
8/1/7/15/1/4/12/1/3,,float32
8/1/7/15/1/4/12/2,,float32
8/1/7/15/1/4/502,,string
8/1/7/15/1/4/503,,int
8/1/7/15/1/502,,string
8/1/7/15/1/503,,data,size=0x3: 00 01 02
8/1/7/16,,object
8/1/7/16/1,*,object
8/1/7/16/1/1,,int
8/1/7/16/1/2,,string
8/1/7/16/1/3,,int
8/1/7/16/1/4,,int
8/1/7/16/1/5,,object
8/1/7/16/1/5/2,,float32
8/1/7/16/1/6,,object
8/1/7/16/1/6/1,,float32
8/1/7/16/1/7,,float32
8/1/7/16/1/8,,object
8/1/7/16/1/8/1,,int
8/1/7/16/1/8/2,,int
8/1/7/16/1/10,,object
8/1/7/16/1/10/2,,int
8/1/7/16/1/11,,int
8/1/7/16/1/502,,int
8/1/7/16/1/503,,string
8/1/7/16/1/505,,int
8/1/7/16/1/506,,int
8/1/7/16/1/507,,int
8/1/7/18,,object
8/1/7/18/1,,object
8/1/7/18/1/1,,int
8/1/7/18/1/2,,int
8/1/7/18/1/4,,object
8/1/7/18/1/4/11,,object
8/1/7/18/1/4/11/1,,object
8/1/7/18/1/4/11/1/2,,float32
8/1/7/18/1/4/11/1/3,,float32
8/1/7/18/1/4/11/2,,object
8/1/7/18/1/4/11/2/1,,float32
8/1/7/18/1/4/11/2/2,,float32
8/1/7/18/1/4/11/2/3,,float32
8/1/7/18/1/4/11/3,,unknown,EmptyData
8/1/7/18/1/4/502,,string
8/1/7/18/1/4/503,,int
8/1/7/18/1/502,,string
8/1/7/18/501,,int
8/1/7/19,,object
8/1/7/19/1,,int
8/1/7/19/2,,string
8/1/7/19/3,,object
8/1/7/19/3/1,,float32
8/1/7/19/3/2,,float32
8/1/7/19/3/3,,float32
8/1/7/19/4,,unknown,EmptyData
8/1/7/19/5,,int
8/1/7/19/6,,int
8/1/7/19/7,,object
8/1/7/19/7/11,,unknown,EmptyData
8/1/7/19/502,,string
8/1/7/21,,object
8/1/7/21/1,,object
8/1/7/21/1/1,,int
8/1/7/21/1/11,,object
8/1/7/21/1/11/1,,object
8/1/7/21/1/11/1/3,,float32
8/1/7/21/1/12,,object
8/1/7/21/1/12/1,,object
8/1/7/21/1/12/1/2,,float32
8/1/7/21/1/12/1/3,,float32
8/1/7/21/1/12/2,,float32
8/1/7/21/1/13,,object
8/1/7/21/1/13/1,,object
8/1/7/21/1/13/1/3,,float32
8/1/7/21/1/13/2,,float32
8/1/7/21/1/13/3,,float32
8/1/7/21/1/13/5,,float32
8/1/7/21/1/13/8,,string
8/1/7/21/1/13/1002,,int
8/1/7/21/1/502,,string
8/1/7/21/501,,int
8/1/7/22,,object
8/1/7/22/1,,object
8/1/7/22/1/1,,int
8/1/7/22/1/12,,object
8/1/7/22/1/12/1,,object
8/1/7/22/1/12/1/2,,float32
8/1/7/22/1/12/2,,float32
8/1/7/22/1/502,,string
8/1/7/22/1/503,,int
8/1/7/22/2,,int
8/1/7/22/3,,int
8/1/7/22/4,,float32
8/1/7/22/6,,object
8/1/7/22/6/1,,int
8/1/7/22/6/2,,int
8/1/7/22/7,,object
8/1/7/22/7/3,,float32
8/1/7/22/7/5,,float32
8/1/7/22/8,,int
8/1/7/22/9,,data
8/1/7/22/13,,data
8/1/7/22/501,,int
8/1/7/22/503,,int
8/1/7/22/1002,,int
8/1/7/24,,object
8/1/7/24/1,,object
8/1/7/24/1/1,,object
8/1/7/24/1/1/1,,int
8/1/7/24/1/1/2,,int
8/1/7/24/1/2,,int
8/1/7/27,,object
8/1/7/27/1,,object
8/1/7/27/1/1,,int
8/1/7/27/1/11,,object
8/1/7/27/1/11/1,,unknown,EmptyData
8/1/7/27/1/11/2,,object
8/1/7/27/1/11/2/1,,float32
8/1/7/27/1/11/2/2,,float32
8/1/7/27/1/11/2/3,,float32
8/1/7/27/1/11/3,,unknown,EmptyData
8/1/7/27/1/12,,object
8/1/7/27/1/12/1,,unknown,EmptyData
8/1/7/27/1/12/2,,float32
8/1/7/27/1/502,,string
8/1/7/27/1/503,,int
8/1/7/27/2,*,object
8/1/7/27/2/1,,int
8/1/7/27/2/2,,string
8/1/7/27/2/3,,int
8/1/7/27/2/4,,int
8/1/7/27/2/5,,int
8/1/7/27/2/6,,object
8/1/7/27/2/6/1,,int
8/1/7/27/2/6/2,,int
8/1/7/27/2/503,,string
8/1/7/27/2/504,,int
8/1/7/28,,object
8/1/7/28/3,,int
8/1/7/28/5,,int
8/1/7/28/9,,object
8/1/7/28/9/1,,int
8/1/7/28/9/2,,string
8/1/7/28/9/3,,int
8/1/7/28/9/4,,int
8/1/7/28/9/5,,object
8/1/7/28/9/5/2,,float32
8/1/7/28/9/6,,unknown,EmptyData
8/1/7/28/9/7,,float32
8/1/7/28/9/8,,unknown,EmptyData
8/1/7/28/9/10,,object
8/1/7/28/9/10/2,,int
8/1/7/28/9/11,,int
8/1/7/28/9/501,,int
8/1/7/28/9/503,,string
8/1/7/28/9/507,,int
8/1/7/28/10,,object
8/1/7/28/10/1,,int
8/1/7/28/10/2,,string
8/1/7/28/10/3,,int
8/1/7/28/10/4,,int
8/1/7/28/10/5,,unknown,EmptyData
8/1/7/28/10/6,,unknown,EmptyData
8/1/7/28/10/7,,float32
8/1/7/28/10/8,,unknown,EmptyData
8/1/7/28/10/10,,object
8/1/7/28/10/10/2,,int
8/1/7/28/10/11,,int
8/1/7/28/10/501,,int
8/1/7/28/10/503,,string
8/1/7/28/10/507,,int
8/1/7/29,,object
8/1/7/29/1,,object
8/1/7/29/1/1,,int
8/1/7/29/1/2,,int
8/1/7/29/1/3,,object
8/1/7/29/1/3/1,,int
8/1/7/29/1/3/11,,object
8/1/7/29/1/3/11/1,,object
8/1/7/29/1/3/11/1/1,,float32
8/1/7/29/1/3/11/1/2,,float32
8/1/7/29/1/3/11/2,,object
8/1/7/29/1/3/11/2/1,,float32
8/1/7/29/1/3/11/2/2,,float32
8/1/7/29/1/3/11/2/3,,float32
8/1/7/29/1/3/11/3,,unknown,EmptyData
8/1/7/29/1/3/12,,object
8/1/7/29/1/3/12/1,,object
8/1/7/29/1/3/12/1/2,,float32
8/1/7/29/1/3/12/2,,float32
8/1/7/29/1/3/502,,string
8/1/7/29/1/3/503,,int
8/1/7/29/1/502,,string
8/1/7/34,,object
8/1/7/34/1,,object
8/1/7/34/1/1,,int
8/1/7/34/1/11,,object
8/1/7/34/1/11/1,,unknown,EmptyData
8/1/7/34/1/11/2,,object
8/1/7/34/1/11/2/1,,float32
8/1/7/34/1/11/2/2,,float32
8/1/7/34/1/11/2/3,,float32
8/1/7/34/1/11/3,,unknown,EmptyData
8/1/7/34/1/12,,object
8/1/7/34/1/12/1,,object
8/1/7/34/1/12/1/2,,float32
8/1/7/34/1/12/2,,float32
8/1/7/34/1/502,,string
8/1/7/34/1/503,,int
8/1/7/37,,unknown,EmptyData
8/1/7/38,,object
8/1/7/38/1,*,object
8/1/7/38/1/1,,int
8/1/7/38/1/3,,int
8/1/7/38/1/4,,object
8/1/7/38/1/4/1,,int
8/1/7/38/1/4/2,,int
8/1/7/38/501,*,object
8/1/7/38/501/501,,int
8/1/7/38/501/502,,int
8/1/7/38/501/503,,string
8/1/7/38/501/504,,object
8/1/7/38/501/504/1,,int
8/1/7/38/501/504/2,,int
8/1/7/38/501/505,,float32
8/1/7/38/501/506,,object
8/1/7/38/501/506/502,,float32
8/1/7/38/501/507,,float32
8/1/7/38/501/508,,float32
8/1/7/38/501/510,,int
8/1/7/38/501/511,,object
8/1/7/38/501/511/501,,int
8/1/7/38/501/511/502,,object
8/1/7/38/501/511/502/502,,int
8/1/7/38/501/511/502/503,,object
8/1/7/38/501/511/502/503/501,,float32
8/1/7/38/501/511/502/503/502,,float32
8/1/7/38/501/511/502/504,,unknown,EmptyData
8/1/7/38/501/511/502/505,,unknown,EmptyData
8/1/7/38/501/511/503,,object
8/1/7/38/501/511/503/502,,int
8/1/7/38/501/511/503/504,,object
8/1/7/38/501/511/503/504/501,,float32
8/1/7/38/501/511/503/504/502,,float32
8/1/7/38/501/511/503/505,,unknown,EmptyData
8/1/7/38/501/511/505,,int
8/1/7/38/501/512,,object
8/1/7/38/501/512/501,,int
8/1/7/38/501/512/502,,object
8/1/7/38/501/512/502/502,,int
8/1/7/38/501/512/502/503,,object
8/1/7/38/501/512/502/503/501,,float32
8/1/7/38/501/512/502/503/502,,float32
8/1/7/38/501/512/502/504,,object
8/1/7/38/501/512/502/504/501,,string
8/1/7/38/501/512/502/505,,object
8/1/7/38/501/512/502/505/502,,float32
8/1/7/38/501/512/502/507,,int
8/1/7/38/501/512/502/508,,int
8/1/7/38/501/512/503,,object
8/1/7/38/501/512/503/502,,int
8/1/7/38/501/512/503/504,,object
8/1/7/38/501/512/503/504/501,,float32
8/1/7/38/501/512/503/504/502,,float32
8/1/7/38/501/512/503/505,,object
8/1/7/38/501/512/503/505/502,,float32
8/1/7/38/501/512/504,,object
8/1/7/38/501/512/504/504,,object
8/1/7/38/501/512/504/504/501,,int
8/1/7/38/501/512/504/505,,object
8/1/7/38/501/512/504/505/501,,int
8/1/7/38/501/512/504/506,,object
8/1/7/38/501/512/504/506/501,,int
8/1/7/38/501/512/504/508,,int
8/1/7/38/501/512/504/509,,object
8/1/7/38/501/512/504/509/501,,float32
8/1/7/38/501/512/504/509/502,,float32
8/1/7/38/501/512/504/510,,unknown,EmptyData
8/1/7/38/501/512/504/511,,float32
8/1/7/38/501/512/505,,object
8/1/7/38/501/512/505/501,,int
8/1/7/38/501/512/505/506,,unknown,EmptyData
8/1/7/38/501/512/506,,object
8/1/7/38/501/512/506/502,,object
8/1/7/38/501/512/506/502/502,,float32
8/1/7/38/501/512/506/503,,object
8/1/7/38/501/512/506/503/501,,float32
8/1/7/38/501/512/506/503/502,,float32
8/1/7/38/501/512/506/504,,int
8/1/7/38/501/512/506/506,,int
8/1/7/38/501/512/506/508,,float32
8/1/7/38/501/512/507,,object
8/1/7/38/501/512/507/501,,unknown,EmptyData
8/1/7/38/501/512/507/502,,object
8/1/7/38/501/512/507/502/501,,float32
8/1/7/38/501/512/507/502/502,,float32
8/1/7/38/501/512/507/504,,int
8/1/7/38/501/512/602,,int
8/1/7/38/501/514,,int
8/1/7/38/501/515,,unknown,EmptyData
8/1/7/38/501/602,,string
8/1/7/38/501/604,,object
8/1/7/38/501/604/1,,int
8/1/7/38/501/604/2,,int
8/1/7/38/501/605,,int
8/1/7/39,,object
8/1/7/39/1,,object
8/1/7/39/1/1,,int
8/1/7/39/1/3,,int
8/1/7/39/1/4,,object
8/1/7/39/1/4/1,,int
8/1/7/39/1/4/2,,int
8/1/7/39/501,,object
8/1/7/39/501/501,,int
8/1/7/39/501/502,,int
8/1/7/39/501/503,,string
8/1/7/39/501/504,,unknown,EmptyData
8/1/7/39/501/505,,float32
8/1/7/39/501/506,,object
8/1/7/39/501/506/502,,float32
8/1/7/39/501/509,,object
8/1/7/39/501/509/502,,int
8/1/7/39/501/509/503,,object
8/1/7/39/501/509/503/501,,string
8/1/7/39/501/509/504,,float32
8/1/7/39/501/509/601,,int
8/1/7/39/501/511,,int
8/1/7/39/501/601,,string
8/1/7/39/501/603,,object
8/1/7/39/501/603/1,,int
8/1/7/39/501/603/2,,int
8/1/7/39/501/605,,int
8/1/7/40,,unknown,EmptyData
8/1/8,,int
9,,object
9/501,,data,size=0xA: 81 80 80 80 04 8E 80 80 80 04
9/502,*,object
9/502/501,,int
9/502/502,*,object
9/502/502/11,,object
9/502/502/11/501,,int
9/502/502/12,,object
9/502/502/12/501,,int
9/502/502/13,,object
9/502/502/13/501,,int
9/502/502/14,,object
9/502/502/14/501,,data
9/502/502/15,,unknown,EmptyData
9/502/502/16,,unknown,EmptyData
9/502/502/17,,unknown,EmptyData
9/502/502/501,,int
9/502/502/502,,int
9/502/502/503,,object
9/502/502/503/15,,unknown,EmptyData
9/502/502/503/17,,unknown,EmptyData
9/502/502/503/501,,int
9/502/502/503/502,,int
9/502/502/503/503,,int
9/502/503,,data,size=0x3C: 82 80 80 80 04 83 80 80 80 04 84 80 80 80 04 85
9/502/504,,int
9/502/505,*,object
9/502/505/11,,object
9/502/505/11/11,,unknown,EmptyData
9/502/505/11/12,,unknown,EmptyData
9/502/505/11/501,,int
9/502/505/12,,object
9/502/505/12/501,,string
9/502/505/13,,object
9/502/505/13/501,,int
9/502/505/14,,object
9/502/505/14/11,,unknown,EmptyData
9/502/505/14/12,,unknown,EmptyData
9/502/505/14/13,,unknown,EmptyData
9/502/505/14/14,,unknown,EmptyData
9/502/505/14/15,,unknown,EmptyData
9/502/505/14/16,,unknown,EmptyData
9/502/505/14/501,,int
9/502/505/15,,unknown,EmptyData
9/502/505/16,,unknown,EmptyData
9/502/505/17,,unknown,EmptyData
9/502/505/18,,unknown,EmptyData
9/502/505/19,,unknown,EmptyData
9/502/505/20,,unknown,EmptyData
9/502/505/21,,unknown,EmptyData
9/502/505/22,,unknown,EmptyData
9/502/505/23,,unknown,EmptyData
9/502/505/24,,unknown,EmptyData
9/502/505/25,,unknown,EmptyData
9/502/505/26,,unknown,EmptyData
9/502/505/27,,unknown,EmptyData
9/502/505/501,,int
9/502/505/502,,int
9/502/505/503,,object
9/502/505/503/11,,object
9/502/505/503/11/501,,int
9/502/505/503/12,,object
9/502/505/503/12/502,,data,size=0x3: 01 02 03
9/502/505/503/12/504,*,object
9/502/505/503/12/504/501,,int
9/502/505/503/12/504/502,,int
9/502/505/503/12/504/503,,int
9/502/505/503/13,,object
9/502/505/503/13/11,,unknown,EmptyData
9/502/505/503/13/12,,object
9/502/505/503/13/12/501,*,object
9/502/505/503/13/12/501/501,,int
9/502/505/503/13/12/501/502,,object
9/502/505/503/13/12/501/502/501,,object
9/502/505/503/13/12/501/502/501/1,,float32
9/502/505/503/13/12/501/502/501/2,,float32
9/502/505/503/13/12/501/502/501/3,,float32
9/502/505/503/13/12/501/502/502,,object
9/502/505/503/13/12/501/502/502/501,,float32
9/502/505/503/13/12/501/502/502/502,,float32
9/502/505/503/13/12/501/502/503,,object
9/502/505/503/13/12/501/502/503/501,,float32
9/502/505/503/13/12/501/502/503/502,,float32
9/502/505/503/13/12/501/502/504,,object
9/502/505/503/13/12/501/502/504/501,,float32
9/502/505/503/13/12/501/502/504/502,,float32
9/502/505/503/13/12/501/502/505,,object
9/502/505/503/13/12/501/502/505/501,,float32
9/502/505/503/13/12/501/502/505/502,,float32
9/502/505/503/13/12/501/502/506,,object
9/502/505/503/13/12/501/502/506/501,,float32
9/502/505/503/13/12/501/502/506/502,,float32
9/502/505/503/13/12/501/502/507,,int
9/502/505/503/13/12/502,,int
9/502/505/503/13/12/503,,int
9/502/505/503/13/501,,int
9/502/505/503/14,,object
9/502/505/503/14/11,,object
9/502/505/503/14/11/501,,int
9/502/505/503/14/12,,object
9/502/505/503/14/12/501,,int
9/502/505/503/14/12/502,,int
9/502/505/503/14/12/504,,int
9/502/505/503/14/13,,unknown,EmptyData
9/502/505/503/14/14,,unknown,EmptyData
9/502/505/503/14/15,,unknown,EmptyData
9/502/505/503/14/16,,unknown,EmptyData
9/502/505/503/14/501,,int
9/502/505/503/14/502,,int
9/502/505/503/16,,object
9/502/505/503/16/501,,int
9/502/505/503/16/502,,int
9/502/505/503/16/503,,int
9/502/505/503/16/504,,int
9/502/505/503/16/506,,float32
9/502/505/503/16/509,,object
9/502/505/503/16/509/501,,int
9/502/505/503/16/511,,int
9/502/505/503/16/512,,object
9/502/505/503/16/512/501,,int
9/502/505/503/18,,object
9/502/505/503/18/501,,object
9/502/505/503/18/501/501,,string
9/502/505/503/18/501/502,,object
9/502/505/503/18/501/502/12,,unknown,EmptyData
9/502/505/503/18/501/502/501,,int
9/502/505/503/18/501/502/502,,string
9/502/505/503/18/502,,object
9/502/505/503/18/502/501,,string
9/502/505/503/19,,object
9/502/505/503/19/501,,int
9/502/505/503/19/502,,int
9/502/505/503/19/503,,int
9/502/505/503/19/504,,int
9/502/505/503/19/505,,object
9/502/505/503/19/505/501,,string
9/502/505/503/19/505/502,,object
9/502/505/503/19/505/502/12,,unknown,EmptyData
9/502/505/503/19/505/502/501,,int
9/502/505/503/19/505/502/502,,string
9/502/505/503/20,,object
9/502/505/503/20/504,,object
9/502/505/503/20/504/501,,int
9/502/505/503/20/504/502,,string
9/502/505/503/20/505,,object
9/502/505/503/20/505/501,,int
9/502/505/503/20/505/502,,string
9/502/505/503/20/506,,object
9/502/505/503/20/506/501,,int
9/502/505/503/20/506/502,,string
9/502/505/503/21,,object
9/502/505/503/21/502,,float32
9/502/505/503/21/503,,string
9/502/505/503/22,,object
9/502/505/503/22/501,,int
9/502/505/503/22/502,,int
9/502/505/503/22/504,,int
9/502/505/503/22/505,,int
9/502/505/503/22/506,,int
9/502/505/503/22/507,,int
9/502/505/503/22/508,,int
9/502/505/503/22/509,,int
9/502/505/503/22/510,*,object
9/502/505/503/22/510/501,,int
9/502/505/503/22/510/502,,object
9/502/505/503/22/510/502/501,,int
9/502/505/503/22/510/502/502,,string
9/502/505/503/22/511,*,object
9/502/505/503/22/511/501,,int
9/502/505/503/22/511/502,,object
9/502/505/503/22/511/502/501,,int
9/502/505/503/22/511/502/502,,string
9/502/505/503/23,,object
9/502/505/503/23/502,,int
9/502/505/503/23/503,,string
9/502/505/503/23/505,,int
9/502/505/503/23/506,,int
9/502/505/503/23/507,,int
9/502/505/503/23/508,,int
9/502/505/503/23/510,,int
9/502/505/503/23/511,,int
9/502/505/503/23/512,,int
9/502/505/503/23/513,,int
9/502/505/503/23/514,,int
9/502/505/503/23/515,,int
9/502/505/503/23/516,,int
9/502/505/503/23/517,,int
9/502/505/503/24,,object
9/502/505/503/24/502,,int
9/502/505/503/24/503,,int
9/502/505/503/24/504,,int
9/502/505/503/25,,object
9/502/505/503/25/502,,int
9/502/505/503/25/504,,int
9/502/505/503/26,,object
9/502/505/503/26/503,*,object
9/502/505/503/26/503/503,,int
9/502/505/503/26/503/505,,int
9/502/505/503/26/504,,object
9/502/505/503/26/504/1,*,object
9/502/505/503/26/504/1/1,,int
9/502/505/503/26/504/1/2,,int
9/502/505/503/26/504/1/3,,int
9/502/505/503/26/504/1/4,,object
9/502/505/503/26/504/1/4/501,,string
9/502/505/503/26/504/1/5,,string
9/502/505/503/26/504/1/6,,int
9/502/505/503/27,,object
9/502/505/503/27/501,,int
9/502/505/503/27/502,,float32
9/502/505/503/501,,int
9/502/505/503/502,,int
9/502/505/503/503,,int
10,,object
10/1,*,object
10/1/1,,object
10/1/1/1,,object
10/1/1/1/1,,int
10/1/1/1/2,,int
10/1/1/1/3,,int
10/1/1/1/5,,int
10/1/1/2,,string
10/1/1/3,*,object
10/1/1/3/1,,int
10/1/1/3/2,,object
10/1/1/3/2/1,,int
10/1/1/3/2/2,,int
10/1/1/3/2/3,,int
10/1/1/3/2/5,,int
10/1/1/3/3,,object
10/1/1/3/3/1,,int
10/1/1/3/3/2,,int
10/1/1/3/3/3,,int
10/1/1/3/3/5,,int
10/1/1/3/4,*,object
10/1/1/3/4/1,,object
10/1/1/3/4/1/1,,int
10/1/1/3/4/1/2,,int
10/1/1/3/4/2,,object
10/1/1/3/4/2/1,,int
10/1/1/3/4/2/2,,int
10/1/1/3/4/3,,object
10/1/1/3/4/3/1,,int
10/1/1/3/4/3/2,,int
10/1/1/3/4/3/3,*,object
10/1/1/3/4/3/3/1,,int
10/1/1/3/4/3/3/102,,object
10/1/1/3/4/3/3/102/1,,int
10/1/1/3/4/3/3/103,,object
10/1/1/3/4/3/3/103/2,,object
10/1/1/3/4/3/3/103/2/3,,int
10/1/1/3/4/3/3/103/2/100,,object
10/1/1/3/4/3/3/103/2/100/2,,int
10/1/1/3/4/3/3/103/2/100/3,,int
10/1/1/3/4/3/4,,object
10/1/1/3/4/3/4/1,,int
10/1/1/3/4/3/4/100,,object
10/1/1/3/4/3/4/100/1,,int
10/1/1/3/4/3/4/101,,object
10/1/1/3/4/3/4/101/2,,int
10/1/1/3/4/3/101,,object
10/1/1/3/4/3/101/1,,int
10/1/1/3/4/3/102,,object
10/1/1/3/4/3/102/1,,int
10/1/1/3/4/3/104,,object
10/1/1/3/4/3/104/1,,float32
10/1/1/3/4/3/105,,object
10/1/1/3/4/3/105/1,,string
10/1/1/3/4/3/106,,object
10/1/1/3/4/3/106/1,,int
10/1/1/3/4/3/107,,object
10/1/1/3/4/3/107/1,,object
10/1/1/3/4/3/107/1/1,,float32
10/1/1/3/4/3/107/1/2,,float32
10/1/1/3/4/3/107/1/3,,float32
10/1/1/3/4/3/109,,object
10/1/1/3/4/3/109/1,,object
10/1/1/3/4/3/109/1/1,,int
10/1/1/3/4/3/109/1/2,,int
10/1/1/3/4/3/109/1/4,,object
10/1/1/3/4/3/109/1/4/1,,int
10/1/1/3/4/3/109/1/4/101,,object
10/1/1/3/4/3/109/1/4/101/2,,int
10/1/1/3/4/3/109/1/105,,object
10/1/1/3/4/3/109/1/105/1,,string
10/1/1/3/4/3/110,,object
10/1/1/3/4/3/110/1,,int
10/1/1/3/4/3/110/2,,object
10/1/1/3/4/3/110/2/1,,int
10/1/1/3/4/3/110/2/2,,int
10/1/1/3/4/3/110/2/4,,object
10/1/1/3/4/3/110/2/4/1,,int
10/1/1/3/4/3/110/2/4/100,,object
10/1/1/3/4/3/110/2/4/100/1,,int
10/1/1/3/4/3/110/2/4/100/2,,int
10/1/1/3/4/3/110/2/4/100/100,,object
10/1/1/3/4/3/110/2/4/100/100/1,,int
10/1/1/3/4/3/110/2/4/100/101,,object
10/1/1/3/4/3/110/2/4/100/101/1,,int
10/1/1/3/4/3/110/2/4/100/101/2,,int
10/1/1/3/4/3/110/2/4/101,,object
10/1/1/3/4/3/110/2/4/101/2,,int
10/1/1/3/4/3/110/2/101,,object
10/1/1/3/4/3/110/2/101/1,,int
10/1/1/3/4/3/110/2/102,,object
10/1/1/3/4/3/110/2/102/1,,int
10/1/1/3/4/3/110/2/104,,object
10/1/1/3/4/3/110/2/104/1,,float32
10/1/1/3/4/3/110/2/105,,object
10/1/1/3/4/3/110/2/105/1,,string
10/1/1/3/4/3/110/2/106,,object
10/1/1/3/4/3/110/2/106/1,,int
10/1/1/3/4/3/110/2/107,,object
10/1/1/3/4/3/110/2/107/1,,object
10/1/1/3/4/3/110/2/107/1/1,,float32
10/1/1/3/4/3/110/2/107/1/3,,float32
10/1/1/3/4/3/110/2/108,,unknown,EmptyData
10/1/1/3/4/3/110/2/109,,object
10/1/1/3/4/3/110/2/109/1,*,object
10/1/1/3/4/3/110/2/109/1/1,,int
10/1/1/3/4/3/110/2/109/1/2,,int
10/1/1/3/4/3/110/2/109/1/4,,object
10/1/1/3/4/3/110/2/109/1/4/1,,int
10/1/1/3/4/3/110/2/109/1/4/100,,object
10/1/1/3/4/3/110/2/109/1/4/100/1,,int
10/1/1/3/4/3/110/2/109/1/102,,object
10/1/1/3/4/3/110/2/109/1/102/1,,int
10/1/1/3/4/3/110/2/109/1/105,,object
10/1/1/3/4/3/110/2/109/1/105/1,,string
10/1/1/3/4/3/110/2/112,,unknown,EmptyData
10/1/1/3/4/3/110/5,,object
10/1/1/3/4/3/110/5/4,,int
10/1/1/3/4/3/110/5/100,,object
10/1/1/3/4/3/110/5/100/1,,object
10/1/1/3/4/3/110/5/100/1/1,,int
10/1/1/3/4/3/110/5/100/1/2,,int
10/1/1/3/4/3/110/5/100/1/100,,object
10/1/1/3/4/3/110/5/100/1/100/1,,int
10/1/1/3/4/3/110/5/100/1/101,,object
10/1/1/3/4/3/110/5/100/1/101/1,,int
10/1/1/3/4/3/110/5/100/1/102,,object
10/1/1/3/4/3/110/5/100/1/102/1,,int
10/1/1/3/4/3/110/5/100/1/102/2,,int
10/1/1/3/4/4,,int
10/1/1/3/4/5,*,object
10/1/1/3/4/5/1,,int
10/1/1/3/4/5/2,,object
10/1/1/3/4/5/2/1,,int
10/1/1/3/4/5/2/2,,int
10/1/1/3/4/5/3,,object
10/1/1/3/4/5/3/1,,int
10/1/1/3/4/5/3/2,,int
10/1/1/3/4/6,,object
10/1/1/3/4/6/1,,int
10/1/1/3/4/6/2,,int
10/1/1/3/4/6/100,,object
10/1/1/3/4/6/100/1,,int
10/1/1/3/4/7,,int
10/1/1/3/5,,float32
10/1/1/3/6,,float32
10/1/1/3/7,,object
10/1/1/3/7/1,,string
10/1/1/3/8,,object
10/1/1/3/8/1,,int
10/1/1/3/8/103,,object
10/1/1/3/8/103/2,,data,size=0x1: 01
10/1/1/3/9,,int
10/1/1/3/10,,object
10/1/1/3/10/1,,object
10/1/1/3/10/1/1,,int
10/1/1/3/10/1/2,,int
10/1/1/3/10/1/3,,int
10/1/1/3/10/1/5,,int
10/1/1/3/10/2,,int
10/1/1/3/10/3,,int
10/1/1/3/10/100,,object
10/1/1/3/10/100/1,,int
10/1/1/6,*,object
10/1/1/6/2,,string
10/1/1/6/3,,int
10/1/1/6/4,,object
10/1/1/6/4/1,,int
10/1/1/6/4/2,,int
10/1/1/6/4/4,,object
10/1/1/6/4/4/1,,int
10/1/1/6/4/4/100,,object
10/1/1/6/4/4/100/1,,int
10/1/1/6/4/4/100/2,,int
10/1/1/6/4/4/100/101,,object
10/1/1/6/4/4/100/101/1,,int
10/1/1/6/4/4/100/101/2,,int
10/1/1/6/4/101,,unknown,EmptyData
10/1/1/6/4/102,,object
10/1/1/6/4/102/1,,int
10/1/1/6/4/104,,object
10/1/1/6/4/104/1,,float32
10/1/1/6/4/105,,unknown,EmptyData
10/1/1/6/4/106,,object
10/1/1/6/4/106/1,,int
10/1/1/6/4/107,,object
10/1/1/6/4/107/1,,object
10/1/1/6/4/107/1/1,,float32
10/1/1/6/4/107/1/2,,float32
10/1/1/6/4/107/1/3,,float32
10/1/1/6/4/109,,object
10/1/1/6/4/109/1,*,object
10/1/1/6/4/109/1/1,,int
10/1/1/6/4/109/1/2,,int
10/1/1/6/4/109/1/4,,object
10/1/1/6/4/109/1/4/1,,int
10/1/1/6/4/109/1/4/100,,object
10/1/1/6/4/109/1/4/100/1,,int
10/1/1/6/4/109/1/101,,object
10/1/1/6/4/109/1/101/1,,int
10/1/1/6/4/109/1/102,,object
10/1/1/6/4/109/1/102/1,,int
10/1/1/6/4/109/1/105,,object
10/1/1/6/4/109/1/105/1,,string
10/1/1/6/4/109/1/107,,object
10/1/1/6/4/109/1/107/1,,object
10/1/1/6/4/109/1/107/1/1,,float32
10/1/1/6/4/109/1/107/1/2,,float32
10/1/1/6/4/109/1/107/1/3,,float32
10/1/1/6/4/112,,object
10/1/1/6/4/112/1,*,object
10/1/1/6/4/112/1/1,,int
10/1/1/6/4/112/1/2,,int
10/1/1/6/4/112/1/4,,object
10/1/1/6/4/112/1/4/1,,int
10/1/1/6/4/112/1/4/100,,object
10/1/1/6/4/112/1/4/100/1,,int
10/1/1/6/4/112/1/4/100/2,,int
10/1/1/6/4/112/1/4/100/101,,object
10/1/1/6/4/112/1/4/100/101/1,,int
10/1/1/6/4/112/1/4/100/101/2,,int
10/1/1/6/4/112/1/111,,object
10/1/1/6/4/112/1/111/1,,object
10/1/1/6/4/112/1/111/1/1,,int
10/1/1/6/4/112/1/111/1/2,,int
10/1/1/6/4/112/1/111/1/4,,object
10/1/1/6/4/112/1/111/1/4/1,,int
10/1/1/6/4/112/1/111/1/4/100,,object
10/1/1/6/4/112/1/111/1/4/100/1,,int
10/1/1/6/4/112/1/111/1/101,,object
10/1/1/6/4/112/1/111/1/101/1,,int
10/1/1/6/4/112/1/111/1/105,,object
10/1/1/6/4/112/1/111/1/105/1,,string
10/1/1/6/4/112/1/111/2,,object
10/1/1/6/4/112/1/111/2/1,,int
10/1/1/6/4/112/1/111/2/2,,int
10/1/1/6/4/112/1/111/2/4,,object
10/1/1/6/4/112/1/111/2/4/1,,int
10/1/1/6/4/112/1/111/2/4/100,,object
10/1/1/6/4/112/1/111/2/4/100/1,,int
10/1/1/6/4/112/1/111/2/101,,object
10/1/1/6/4/112/1/111/2/101/1,,int
10/1/1/6/4/112/1/111/2/102,,object
10/1/1/6/4/112/1/111/2/102/1,,int
10/1/1/6/4/112/1/111/2/105,,object
10/1/1/6/4/112/1/111/2/105/1,,string
10/1/1/6/5,,int
10/1/1/6/7,,int
10/1/1/6/8,,int
10/1/1/7,*,object
10/1/1/7/1,,object
10/1/1/7/1/1,,object
10/1/1/7/1/1/1,,int
10/1/1/7/1/1/2,,int
10/1/1/7/1/1/3,,int
10/1/1/7/1/1/5,,int
10/1/1/7/1/2,,int
10/1/1/7/1/3,,int
10/1/1/7/1/100,,object
10/1/1/7/1/100/1,,int
10/1/1/7/2,,object
10/1/1/7/2/1,,int
10/1/1/7/3,,object
10/1/1/7/3/100,*,object
10/1/1/7/3/100/2,,int
10/1/1/7/3/100/3,,object
10/1/1/7/3/100/3/1,,int
10/1/1/7/3/100/3/2,,int
10/1/1/7/3/101,*,object
10/1/1/7/3/101/2,,int
10/1/1/7/3/101/3,,object
10/1/1/7/3/101/3/1,,int
10/1/1/7/3/101/3/2,,int
10/1/1/7/3/102,*,object
10/1/1/7/3/102/2,,int
10/1/1/7/3/102/3,,object
10/1/1/7/3/102/3/1,,int
10/1/1/7/3/102/3/2,,int
10/1/1/7/3/102/4,,object
10/1/1/7/3/102/4/1,,int
10/1/1/7/3/102/4/3,,int
10/1/1/7/3/102/4/4,,int
10/1/1/7/3/102/4/101,,object
10/1/1/7/3/102/4/101/1,,int
10/1/1/7/3/102/4/102,,object
10/1/1/7/3/102/4/102/1,,object
10/1/1/7/3/102/4/102/1/1,,int
10/1/1/7/3/102/4/102/1/104,,object
10/1/1/7/3/102/4/102/1/104/2,,int
10/1/1/7/3/103,*,object
10/1/1/7/3/103/2,,int
10/1/1/7/3/103/3,,object
10/1/1/7/3/103/3/1,,int
10/1/1/7/3/103/3/2,,int
10/1/1/7/3/103/4,,object
10/1/1/7/3/103/4/1,,int
10/1/1/7/3/103/4/3,,int
10/1/1/7/3/103/4/4,,int
10/1/1/7/3/103/4/102,,object
10/1/1/7/3/103/4/102/1,,object
10/1/1/7/3/103/4/102/1/1,,int
10/1/1/7/3/103/4/102/1/104,,object
10/1/1/7/3/103/4/102/1/104/2,,int
10/1/1/7/3/103/4/104,,object
10/1/1/7/3/103/4/104/2,,int
10/1/1/7/4,,object
10/1/1/7/4/1,,object
10/1/1/7/4/1/1,,int
10/1/1/7/4/1/2,,int
10/1/1/7/4/1/3,,int
10/1/1/7/4/3,*,object
10/1/1/7/4/3/1,,int
10/1/1/7/4/3/2,,object
10/1/1/7/4/3/2/1,,int
10/1/1/7/4/3/2/2,,int
10/1/1/7/4/3/2/3,,int
10/1/1/7/4/3/2/5,,int
10/1/1/7/4/3/3,,object
10/1/1/7/4/3/3/1,,int
10/1/1/7/4/3/3/2,,int
10/1/1/7/4/3/3/3,,int
10/1/1/7/4/3/3/5,,int
10/1/1/7/4/3/4,*,object
10/1/1/7/4/3/4/1,,object
10/1/1/7/4/3/4/1/1,,int
10/1/1/7/4/3/4/1/2,,int
10/1/1/7/4/3/4/2,,object
10/1/1/7/4/3/4/2/1,,int
10/1/1/7/4/3/4/2/2,,int
10/1/1/7/4/3/4/3,,object
10/1/1/7/4/3/4/3/1,,int
10/1/1/7/4/3/4/3/2,,int
10/1/1/7/4/3/4/3/4,,object
10/1/1/7/4/3/4/3/4/1,,int
10/1/1/7/4/3/4/3/4/100,,object
10/1/1/7/4/3/4/3/4/100/1,,int
10/1/1/7/4/3/4/3/102,,unknown,EmptyData
10/1/1/7/4/3/4/3/110,,object
10/1/1/7/4/3/4/3/110/1,,int
10/1/1/7/4/3/4/3/110/2,,object
10/1/1/7/4/3/4/3/110/2/1,,int
10/1/1/7/4/3/4/3/110/2/2,,int
10/1/1/7/4/3/4/3/110/2/4,,object
10/1/1/7/4/3/4/3/110/2/4/1,,int
10/1/1/7/4/3/4/3/110/2/4/100,,object
10/1/1/7/4/3/4/3/110/2/4/100/1,,int
10/1/1/7/4/3/4/3/110/2/4/100/2,,int
10/1/1/7/4/3/4/3/110/2/4/100/100,,object
10/1/1/7/4/3/4/3/110/2/4/100/100/1,,int
10/1/1/7/4/3/4/3/110/2/102,,object
10/1/1/7/4/3/4/3/110/2/102/1,,int
10/1/1/7/4/3/4/3/110/2/108,,unknown,EmptyData
10/1/1/7/4/3/4/3/110/2/109,,unknown,EmptyData
10/1/1/7/4/3/4/3/110/5,,object
10/1/1/7/4/3/4/3/110/5/4,,int
10/1/1/7/4/3/4/3/110/5/100,,object
10/1/1/7/4/3/4/3/110/5/100/1,,object
10/1/1/7/4/3/4/3/110/5/100/1/1,,int
10/1/1/7/4/3/4/3/110/5/100/1/2,,int
10/1/1/7/4/3/4/3/110/5/100/1/100,,object
10/1/1/7/4/3/4/3/110/5/100/1/100/1,,int
10/1/1/7/4/3/4/3/110/5/100/1/101,,object
10/1/1/7/4/3/4/3/110/5/100/1/101/1,,int
10/1/1/7/4/3/4/4,,int
10/1/1/7/4/3/4/5,,object
10/1/1/7/4/3/4/5/1,,int
10/1/1/7/4/3/4/5/2,,object
10/1/1/7/4/3/4/5/2/1,,int
10/1/1/7/4/3/4/5/2/2,,int
10/1/1/7/4/3/4/5/3,,object
10/1/1/7/4/3/4/5/3/1,,int
10/1/1/7/4/3/4/5/3/2,,int
10/1/1/7/4/3/10,,object
10/1/1/7/4/3/10/1,,object
10/1/1/7/4/3/10/1/1,,int
10/1/1/7/4/3/10/1/2,,int
10/1/1/7/4/3/10/1/3,,int
10/1/1/7/4/3/10/1/5,,int
10/1/1/7/4/3/10/2,,int
10/1/1/7/4/3/10/3,,int
10/1/1/7/4/3/10/100,,object
10/1/1/7/4/3/10/100/1,,int
10/1/1/7/4/4,*,object
10/1/1/7/4/4/1,,object
10/1/1/7/4/4/1/1,,int
10/1/1/7/4/4/1/2,,int
10/1/1/7/4/4/2,,int
10/1/1/7/4/4/3,,object
10/1/1/7/4/4/3/1,,int
10/1/1/7/4/4/3/2,,int
10/1/1/7/4/4/4,,object
10/1/1/7/4/4/4/1,,int
10/1/1/7/4/4/4/2,,int
10/1/1/7/4/7,*,object
10/1/1/7/4/7/1,,object
10/1/1/7/4/7/1/1,,object
10/1/1/7/4/7/1/1/1,,int
10/1/1/7/4/7/1/1/2,,int
10/1/1/7/4/7/1/1/3,,int
10/1/1/7/4/7/1/1/5,,int
10/1/1/7/4/7/1/2,,int
10/1/1/7/4/7/1/3,,int
10/1/1/7/4/7/1/100,,object
10/1/1/7/4/7/1/100/1,,int
10/1/1/7/4/7/2,,object
10/1/1/7/4/7/2/1,,int
10/1/1/7/4/7/3,,object
10/1/1/7/4/7/3/101,,object
10/1/1/7/4/7/3/101/2,,int
10/1/1/7/4/7/3/101/3,,object
10/1/1/7/4/7/3/101/3/1,,int
10/1/1/7/4/7/3/102,*,object
10/1/1/7/4/7/3/102/2,,int
10/1/1/7/4/7/3/102/3,,object
10/1/1/7/4/7/3/102/3/1,,int
10/1/1/7/4/7/3/102/3/2,,int
10/1/1/7/4/7/3/102/4,,object
10/1/1/7/4/7/3/102/4/1,,int
10/1/1/7/4/7/3/102/4/3,,int
10/1/1/7/4/7/3/102/4/4,,int
10/1/1/7/4/7/3/102/4/102,,object
10/1/1/7/4/7/3/102/4/102/1,,object
10/1/1/7/4/7/3/102/4/102/1/1,,int
10/1/1/7/4/7/3/102/4/102/1/104,,object
10/1/1/7/4/7/3/102/4/102/1/104/2,,int
10/1/1/7/4/7/3/103,*,object
10/1/1/7/4/7/3/103/2,,int
10/1/1/7/4/7/3/103/3,,object
10/1/1/7/4/7/3/103/3/1,,int
10/1/1/7/4/7/3/103/3/2,,int
10/1/1/7/4/7/3/103/4,,object
10/1/1/7/4/7/3/103/4/1,,int
10/1/1/7/4/7/3/103/4/3,,int
10/1/1/7/4/7/3/103/4/4,,int
10/1/1/7/4/7/3/103/4/101,,object
10/1/1/7/4/7/3/103/4/101/1,,int
10/1/1/7/4/7/3/103/4/104,,object
10/1/1/7/4/7/3/103/4/104/2,,int
10/1/1/100,,int
10/1/1/101,,float32
10/2,*,object
10/2/1,,object
10/2/1/4,,object
10/2/1/4/1,,object
10/2/1/4/1/1,,int
10/2/1/4/1/2,,int
10/2/1/4/1/3,,int
10/2/1/4/1/5,,int
10/2/1/4/2,,object
10/2/1/4/2/1,,int
10/2/1/4/2/2,,int
10/2/1/4/2/3,,int
10/2/1/4/2/5,,int
10/2/1/4/4,,object
10/2/1/4/4/1,,int
10/2/1/4/4/2,,int
10/2/1/4/4/3,,int
10/2/1/4/4/5,,int
10/2/1/4/5,,int
10/2/1/100,,object
10/2/1/100/1,,string
10/2/1/100/2,,int
10/2/1/100/3,,object
10/2/1/100/3/1,,int
10/2/1/100/4,,unknown,EmptyData
10/2/1/100/8,,int
10/2/1/101,*,object
10/2/1/101/1,,string
10/2/1/101/2,,int
10/2/1/101/3,,object
10/2/1/101/3/1,,int
10/2/1/101/3/2,,int
10/2/1/101/4,,unknown,EmptyData
10/2/1/101/8,,int
10/2/1/102,*,object
10/2/1/102/1,,string
10/2/1/102/2,,int
10/2/1/102/3,,object
10/2/1/102/3/1,,int
10/2/1/102/3/2,,int
10/2/1/102/4,,object
10/2/1/102/4/1,,int
10/2/1/102/4/3,,int
10/2/1/102/4/4,,int
10/2/1/102/4/5,,object
10/2/1/102/4/5/1,,int
10/2/1/102/4/5/2,,string
10/2/1/102/4/7,,object
10/2/1/102/4/7/1,,int
10/2/1/102/4/7/102,,object
10/2/1/102/4/7/102/1,,int
10/2/1/102/4/101,,object
10/2/1/102/4/101/1,,int
10/2/1/102/4/102,,object
10/2/1/102/4/102/1,,object
10/2/1/102/4/102/1/1,,int
10/2/1/102/4/102/1/3,,int
10/2/1/102/4/102/1/4,,int
10/2/1/102/4/104,,object
10/2/1/102/4/104/2,,int
10/2/1/102/5,,object
10/2/1/102/5/1,,int
10/2/1/102/8,,int
10/2/1/103,*,object
10/2/1/103/1,,string
10/2/1/103/2,,int
10/2/1/103/3,,object
10/2/1/103/3/1,,int
10/2/1/103/3/2,,int
10/2/1/103/4,,object
10/2/1/103/4/1,,int
10/2/1/103/4/3,,int
10/2/1/103/4/4,,int
10/2/1/103/4/5,,object
10/2/1/103/4/5/1,,int
10/2/1/103/4/5/2,,string
10/2/1/103/4/101,,object
10/2/1/103/4/101/1,,int
10/2/1/103/4/102,,object
10/2/1/103/4/102/1,,object
10/2/1/103/4/102/1/1,,int
10/2/1/103/4/102/1/3,,int
10/2/1/103/4/102/1/4,,int
10/2/1/103/4/104,,object
10/2/1/103/4/104/2,,int
10/2/1/103/5,,object
10/2/1/103/5/1,,int
10/2/1/103/8,,int
10/2/1/106,*,object
10/2/1/106/1,,string
10/2/1/106/2,,int
10/2/1/106/3,,object
10/2/1/106/3/1,,int
10/2/1/106/3/2,,int
10/2/1/106/4,,object
10/2/1/106/4/1,,int
10/2/1/106/4/4,,int
10/2/1/106/4/7,,object
10/2/1/106/4/7/1,,int
10/2/1/106/5,,object
10/2/1/106/5/1,,int
10/2/1/106/5/2,,int
10/2/1/106/5/100,,object
10/2/1/106/5/100/1,,int
10/2/1/106/8,,int
10/2/1/107,,object
10/2/1/107/1,,int
10/2/1/107/101,,object
10/2/1/107/101/1,,string
10/2/1/107/101/2,,object
10/2/1/107/101/2/1,,int
10/2/1/107/101/2/2,,int
10/2/1/107/101/2/3,,int
10/2/1/107/101/2/5,,int
10/2/1/107/101/3,,object
10/2/1/107/101/3/1,,int
10/2/1/107/101/3/2,,int
10/2/1/107/101/3/3,,int
10/2/1/107/101/3/5,,int
10/2/1/107/102,,object
10/2/1/107/102/1,,string
10/2/1/107/102/2,,object
10/2/1/107/102/2/1,,int
10/2/1/107/102/2/2,,int
10/2/1/107/102/2/3,,int
10/2/1/107/102/2/5,,int
10/2/1/107/102/3,,object
10/2/1/107/102/3/1,,int
10/2/1/107/102/3/2,,int
10/2/1/107/102/3/3,,int
10/2/1/107/102/3/5,,int
10/2/1/107/104,,object
10/2/1/107/104/1,,int
10/2/1/107/105,,object
10/2/1/107/105/1,,int
10/2/1/107/106,,object
10/2/1/107/106/1,,int
10/2/1/200,,string
10/2/1/201,,string
10/2/1/203,,int
10/2/1/204,,int
10/3,,object
10/3/1,,int
10/3/2,,object
10/3/2/1,,string
10/3/2/2,*,object
10/3/2/2/1,,string
10/3/2/2/3,*,object
10/3/2/2/3/1,,object
10/3/2/2/3/1/1,,int
10/3/2/2/3/1/2,,int
10/3/2/2/3/1/3,,int
10/3/2/2/3/1/5,,int
10/4,*,object
10/4/1,,object
10/4/1/1,,object
10/4/1/1/1,,int
10/4/1/1/2,,int
10/4/1/1/3,,int
10/4/1/1/5,,int
10/4/1/3,*,object
10/4/1/3/1,,int
10/4/1/3/2,,object
10/4/1/3/2/1,,int
10/4/1/3/2/2,,int
10/4/1/3/2/3,,int
10/4/1/3/2/5,,int
10/4/1/3/3,,object
10/4/1/3/3/1,,int
10/4/1/3/3/2,,int
10/4/1/3/3/3,,int
10/4/1/3/3/5,,int
10/4/1/3/4,*,object
10/4/1/3/4/1,,object
10/4/1/3/4/1/1,,int
10/4/1/3/4/1/2,,int
10/4/1/3/4/2,,object
10/4/1/3/4/2/1,,int
10/4/1/3/4/2/2,,int
10/4/1/3/4/3,,object
10/4/1/3/4/3/1,,int
10/4/1/3/4/3/2,,int
10/4/1/3/4/3/3,,object
10/4/1/3/4/3/3/1,,int
10/4/1/3/4/3/3/103,,object
10/4/1/3/4/3/3/103/2,,object
10/4/1/3/4/3/3/103/2/3,,int
10/4/1/3/4/3/3/103/2/100,,object
10/4/1/3/4/3/3/103/2/100/2,,int
10/4/1/3/4/3/3/103/2/100/3,,int
10/4/1/3/4/3/4,,object
10/4/1/3/4/3/4/1,,int
10/4/1/3/4/3/4/100,,object
10/4/1/3/4/3/4/100/1,,int
10/4/1/3/4/3/101,,object
10/4/1/3/4/3/101/1,,int
10/4/1/3/4/3/102,,object
10/4/1/3/4/3/102/1,,int
10/4/1/3/4/3/104,,object
10/4/1/3/4/3/104/1,,float32
10/4/1/3/4/3/105,,object
10/4/1/3/4/3/105/1,,string
10/4/1/3/4/3/106,,object
10/4/1/3/4/3/106/1,,int
10/4/1/3/4/3/107,,object
10/4/1/3/4/3/107/1,,object
10/4/1/3/4/3/107/1/2,,float32
10/4/1/3/4/3/110,,object
10/4/1/3/4/3/110/1,,int
10/4/1/3/4/3/110/2,,object
10/4/1/3/4/3/110/2/1,,int
10/4/1/3/4/3/110/2/2,,int
10/4/1/3/4/3/110/2/4,,object
10/4/1/3/4/3/110/2/4/1,,int
10/4/1/3/4/3/110/2/4/100,,object
10/4/1/3/4/3/110/2/4/100/1,,int
10/4/1/3/4/3/110/2/101,,object
10/4/1/3/4/3/110/2/101/1,,int
10/4/1/3/4/3/110/2/102,,object
10/4/1/3/4/3/110/2/102/1,,int
10/4/1/3/4/3/110/2/104,,object
10/4/1/3/4/3/110/2/104/1,,float32
10/4/1/3/4/3/110/2/105,,object
10/4/1/3/4/3/110/2/105/1,,string
10/4/1/3/4/3/110/2/106,,object
10/4/1/3/4/3/110/2/106/1,,int
10/4/1/3/4/3/110/2/107,,object
10/4/1/3/4/3/110/2/107/1,,unknown,EmptyData
10/4/1/3/4/3/110/2/109,,object
10/4/1/3/4/3/110/2/109/1,*,object
10/4/1/3/4/3/110/2/109/1/1,,int
10/4/1/3/4/3/110/2/109/1/2,,int
10/4/1/3/4/3/110/2/109/1/4,,object
10/4/1/3/4/3/110/2/109/1/4/1,,int
10/4/1/3/4/3/110/2/109/1/4/100,,object
10/4/1/3/4/3/110/2/109/1/4/100/1,,int
10/4/1/3/4/3/110/2/109/1/102,,object
10/4/1/3/4/3/110/2/109/1/102/1,,int
10/4/1/3/4/4,,int
10/4/1/3/4/5,*,object
10/4/1/3/4/5/1,,int
10/4/1/3/4/5/2,,object
10/4/1/3/4/5/2/1,,int
10/4/1/3/4/5/2/2,,int
10/4/1/3/4/5/3,,object
10/4/1/3/4/5/3/1,,int
10/4/1/3/4/5/3/2,,int
10/4/1/3/4/7,,int
10/4/1/3/5,,float32
10/4/1/3/6,,float32
10/4/1/3/7,,object
10/4/1/3/7/1,,string
10/4/1/3/8,,object
10/4/1/3/8/1,,int
10/4/1/3/8/103,,object
10/4/1/3/8/103/2,,data
10/4/1/4,*,object
10/4/1/4/1,,object
10/4/1/4/1/1,,int
10/4/1/4/1/2,,int
10/4/1/4/2,,int
10/4/1/4/3,,object
10/4/1/4/3/1,,int
10/4/1/4/3/2,,int
10/4/1/4/4,,object
10/4/1/4/4/1,,int
10/4/1/4/4/2,,int
10/4/1/101,,float32
10/5,,object
10/5/2,*,object
10/5/2/1,,int
10/5/2/2,,int
10/5/2/3,,int
10/5/2/5,,int
10/5/3,*,object
10/5/3/1,,object
10/5/3/1/1,,int
10/5/3/1/2,,int
10/5/3/1/3,,int
10/5/3/1/5,,int
10/5/3/2,,object
10/5/3/2/1,,int
10/5/3/2/2,,int
10/5/3/2/3,,int
10/5/3/2/5,,int
10/5/3/3,,string
10/5/3/4,*,object
10/5/3/4/1,,string
10/5/3/4/2,,int
10/5/3/4/3,,int
10/5/3/4/4,,int
10/5/3/4/5,,int
10/5/3/4/6,,int
10/5/3/6,,int
10/5/3/7,,object
10/5/3/7/1,,int
10/5/3/7/2,,int
10/5/3/7/3,,int
10/5/3/7/5,,int
10/6,*,object
10/6/1,,object
10/6/1/1,,int
10/6/1/3,*,object
10/6/1/3/1,,object
10/6/1/3/1/1,,int
10/6/1/3/1/2,,unknown,EmptyData
10/6/1/3/3,,object
10/6/1/3/3/1,,int
10/6/1/3/3/2,,object
10/6/1/3/3/2/1,,int
10/6/1/3/3/2/2,,unknown,EmptyData
10/6/1/3/3/13,,object
10/6/1/3/3/13/1,,int
10/6/1/3/3/14,,unknown,EmptyData
10/6/1/3/3/15,,object
10/6/1/3/3/15/1,,float32
10/6/1/3/3/16,,unknown,EmptyData
10/6/1/3/3/18,,object
10/6/1/3/3/18/1,,data
10/6/1/3/3/20,,object
10/6/1/3/3/20/1,,data
10/6/1/3/3/22,,object
10/6/1/3/3/22/1,,object
10/6/1/3/3/22/1/1,,float32
10/6/1/3/3/22/1/2,,float32
10/6/1/3/3/22/1/3,,float32
10/6/1/3/5,,string
10/6/1/3/501,,string
10/6/1/3/502,,int
10/6/1/3/503,,int
10/6/1/501,,string
10/6/1/502,,int
10/6/1/503,,int
10/6/2,,object
10/6/2/1,,int
10/6/2/3,*,object
10/6/2/3/1,,object
10/6/2/3/1/1,,int
10/6/2/3/1/2,,unknown,EmptyData
10/6/2/3/3,,object
10/6/2/3/3/1,,int
10/6/2/3/3/2,,object
10/6/2/3/3/2/1,,int
10/6/2/3/3/2/2,,unknown,EmptyData
10/6/2/3/3/13,,object
10/6/2/3/3/13/1,,int
10/6/2/3/3/14,,unknown,EmptyData
10/6/2/3/3/15,,object
10/6/2/3/3/15/1,,float32
10/6/2/3/3/16,,unknown,EmptyData
10/6/2/3/3/18,,object
10/6/2/3/3/18/1,,data
10/6/2/3/3/20,,object
10/6/2/3/3/20/1,,data
10/6/2/3/3/22,,object
10/6/2/3/3/22/1,,object
10/6/2/3/3/22/1/1,,float32
10/6/2/3/3/22/1/2,,float32
10/6/2/3/3/22/1/3,,float32
10/6/2/3/5,,string
10/6/2/3/501,,string
10/6/2/3/502,,int
10/6/2/3/503,,int
10/6/2/501,,string
10/6/2/502,,int
10/6/2/503,,int
10/6/3,,int
10/6/4,,int
10/7,,int
11,,object
11/1,,object
11/1/1,,object
11/1/1/1,,float32
11/1/1/2,,float32
11/1/1/3,,float32
11/1/2,,object
11/1/2/1,,float32
11/1/2/2,,float32
11/1/2/3,,float32
11/1/6,,int
11/1/7,,int
11/1/8,,int
11/1/9,,int
11/1/10,,int
11/1/12,,int
11/1/13,,int
11/1/14,,float32
11/1/15,,int
11/1/17,,int
11/1/18,,float32
11/1/20,,int
11/2,,object
11/2/1,*,object
11/2/1/1,,string
11/2/1/2,,int
11/2/1/3,,string
11/2/1/4,,data,size=0x1: 01
11/2/1/11,,data,size=0x1: 02
11/2/1/12,,data
11/2/1/13,,data,size=0x2: 01 02
11/3,,object
11/3/1,,int
11/3/2,*,object
11/3/2/1,,int
11/3/2/2,,int
11/3/2/501,,string
11/3/2/502,,data,size=0x5: 81 80 80 86 04
11/4,,object
11/4/1,*,object
11/4/1/1,,int
11/4/1/2,,int
11/4/1/3,,int
11/4/1/501,,string
11/5,,object
11/5/1,*,object
11/5/1/1,,int
11/5/1/2,,object
11/5/1/2/1,,float32
11/5/1/2/2,,float32
11/5/1/2/3,,float32
11/5/1/3,,object
11/5/1/3/1,,float32
11/5/1/3/2,,float32
11/5/1/3/3,,float32
11/5/1/501,,string
11/5/1/502,,int
11/6,,object
11/6/1,*,object
11/6/1/1,,int
11/6/1/2,,int
11/6/1/3,,int
11/6/1/4,,data,size=0x1: 01
11/6/1/501,,int
11/6/1/502,,int
11/7,,object
11/7/1,,int
11/7/2,,string
11/7/3,,string
11/8,,object
11/8/1,,int
11/8/2,,int
11/8/3,,int
11/8/4,,int
12,,object
12/1,*,object
12/1/1,,string
12/1/2,,float32
12/1/3,,int
12/1/501,,int
14,,object
14/1,*,object
14/1/1,,int
14/1/2,,int
15,,object
15/1,*,object
15/1/1,,int
15/1/2,,int
15/1/4,*,object
15/1/4/1,,int
15/1/4/11,,object
15/1/4/11/1,,string
15/1/4/16,,object
15/1/4/16/1,,object
15/1/4/16/1/1,,int
15/1/4/16/1/2,,int
15/1/4/16/1/3,,int
15/1/4/16/1/4,,int
15/1/4/16/1/5,,int
15/1/4/16/1/6,,int
15/1/4/16/1/7,,int
15/1/4/17,,object
15/1/4/17/1,,object
15/1/4/17/1/1,,int
15/1/4/17/1/2,,int
15/1/4/17/1/4,,int
15/1/4/17/1/5,,int
15/1/4/17/1/6,*,object
15/1/4/17/1/6/1,,int
15/1/4/17/1/6/2,,int
15/1/4/18,,object
15/1/4/18/1,,object
15/1/4/18/1/1,,float32
15/1/4/18/1/2,,float32
15/1/4/18/1/3,,float32
15/1/4/18/1/4,,int
15/1/4/18/1/5,,float32
15/1/4/18/1/501,,int
15/1/4/19,,object
15/1/4/19/1,,object
15/1/4/19/1/1,,data
15/1/4/20,,object
15/1/4/20/1,*,object
15/1/4/20/1/1,,int
15/1/4/20/1/2,,float32
15/1/4/20/1/3,,float32
15/1/4/20/1/4,,float32
15/1/4/21,,object
15/1/4/21/1,,object
15/1/4/21/1/1,,object
15/1/4/21/1/1/1,,float32
15/1/4/21/1/1/2,,object
15/1/4/21/1/1/2/1,,int
15/1/4/21/1/1/2/2,,int
15/1/4/21/1/1/2/501,,int
15/1/4/21/1/1/4,,int
15/1/4/21/1/1/5,,int
15/1/4/21/1/1/6,,int
15/1/4/21/1/1/7,,int
15/1/4/21/1/1/8,,float32
15/1/4/21/1/1/9,,float32
15/1/4/21/1/1/10,,int
15/1/4/21/1/2,,object
15/1/4/21/1/2/1,,int
15/1/4/21/1/2/2,,int
15/1/4/21/1/2/3,,int
15/1/4/21/1/2/4,,int
15/1/4/21/1/3,,object
15/1/4/21/1/3/1,*,object
15/1/4/21/1/3/1/1,,int
15/1/4/21/1/3/1/2,*,object
15/1/4/21/1/3/1/2/1,,int
15/1/4/21/1/3/1/2/3,,int
15/1/4/21/1/3/1/2/4,,int
15/1/4/21/1/3/1/2/5,,float32
15/1/4/21/1/3/1/2/6,,int
15/1/4/21/1/3/1/2/7,,string
15/1/4/21/1/3/1/2/10,,object
15/1/4/21/1/3/1/2/10/2,,float32
15/1/4/21/1/3/1/2/12,,object
15/1/4/21/1/3/1/2/12/1,,int
15/1/4/21/1/3/1/2/12/2,,int
15/1/4/21/1/3/1/2/13,,unknown,EmptyData
15/1/4/21/1/3/2,,data
15/1/4/21/1/4,,unknown,EmptyData
15/1/4/21/1/5,,unknown,EmptyData
15/1/4/21/1/6,,int
15/1/4/30,,object
15/1/4/30/1,,object
15/1/4/30/1/1,,object
15/1/4/30/1/1/4,,int
15/1/4/30/1/1/7,,int
15/1/4/30/1/2,,object
15/1/4/30/1/2/2,,int
15/1/4/30/1/2/3,,int
15/1/4/30/1/2/4,,string
15/1/4/30/1/2/5,,int
15/1/4/30/1/3,,object
15/1/4/30/1/3/1,,float32
15/1/4/30/1/3/2,,int
15/1/4/30/1/3/3,,int
15/1/4/30/1/3/4,,int
15/1/4/30/1/3/5,,int
15/1/4/30/1/3/6,,int
15/1/4/30/1/3/8,,float32
15/1/4/30/1/3/9,,int
15/1/4/30/1/3/10,,object
15/1/4/30/1/3/10/1,,float32
15/1/4/30/1/3/10/2,,float32
15/1/4/30/1/3/10/3,,float32
15/1/4/30/1/3/11,,float32
15/1/4/30/1/3/12,,float32
15/1/4/30/1/3/13,,float32
15/1/4/30/1/3/15,,float32
15/1/4/30/1/3/16,,float32
15/1/4/30/1/3/17,,int
15/1/4/30/1/4,,object
15/1/4/30/1/4/1,,int
15/1/4/30/1/4/2,,int
15/1/4/30/1/5,*,object
15/1/4/30/1/5/1,,int
15/1/4/30/1/5/2,,int
15/1/4/30/1/6,,object
15/1/4/30/1/6/4,,float32
15/1/4/30/1/7,,object
15/1/4/30/1/7/1,,int
15/1/4/30/1/7/2,,int
15/1/4/30/1/7/3,,float32
15/1/4/30/1/7/4,,float32
15/1/4/33,,object
15/1/4/33/1,,object
15/1/4/33/1/1,,float32
15/1/4/34,,object
15/1/4/34/1,,object
15/1/4/34/1/1,,int
15/1/4/34/1/2,,object
15/1/4/34/1/2/2,,int
15/1/4/34/1/3,,int
15/1/4/34/1/4,*,object
15/1/4/34/1/4/1,,int
15/1/4/34/1/4/2,,int
15/1/4/34/1/6,*,object
15/1/4/34/1/6/1,,int
15/1/4/35,,object
15/1/4/35/1,,object
15/1/4/35/1/1,,float32
15/1/4/36,,object
15/1/4/36/1,,object
15/1/4/36/1/2,,float32
15/1/4/36/1/3,,float32
15/1/4/36/1/4,,float32
15/1/4/45,,object
15/1/4/45/1,,object
15/1/4/45/1/2,*,object
15/1/4/45/1/2/1,,string
15/1/4/45/1/2/2,,int
15/1/4/45/1/2/3,,int
15/1/4/45/1/2/4,,int
15/1/4/45/1/2/6,,int
15/1/4/45/1/3,*,object
15/1/4/45/1/3/1,,int
15/1/4/45/1/3/2,,int
15/1/4/45/1/3/3,,float32
15/1/4/45/1/3/5,,int
15/1/4/45/1/3/6,,int
15/1/4/45/1/4,*,object
15/1/4/45/1/4/1,,int
15/1/4/45/1/4/3,,int
15/1/4/45/1/4/4,,int
15/1/4/45/1/6,*,object
15/1/4/45/1/6/1,,int
15/1/4/45/1/6/3,,string
15/1/4/45/1/6/4,,float32
15/1/4/45/1/6/5,,int
15/1/4/45/1/6/6,,int
15/1/4/45/1/6/7,,int
15/1/4/45/1/7,*,object
15/1/4/45/1/7/2,,string
15/1/4/45/1/7/3,,float32
15/1/4/45/1/7/4,,float32
15/1/4/45/1/7/5,,int
15/1/4/45/1/7/6,,int
15/1/4/45/1/7/7,,int
15/1/4/45/1/7/8,,int
15/1/4/45/1/7/21,,object
15/1/4/45/1/7/21/1,,int
15/1/4/45/1/7/21/11,,object
15/1/4/45/1/7/21/11/1,,int
15/1/4/45/1/7/21/11/2,,string
15/1/4/45/1/7/21/11/3,,object
15/1/4/45/1/7/21/11/3/1,,float32
15/1/4/45/1/7/21/11/3/2,,float32
15/1/4/45/1/7/21/11/3/3,,float32
15/1/4/45/1/7/21/11/4,,unknown,EmptyData
15/1/4/45/1/7/21/11/5,,float32
15/1/4/45/1/7/21/11/6,,int
15/1/4/45/1/7/21/11/7,,int
15/1/4/45/1/7/21/11/8,,unknown,EmptyData
15/1/4/45/1/7/21/11/9,,int
15/1/4/45/1/7/21/12,,object
15/1/4/45/1/7/21/12/1,,float32
15/1/4/45/1/7/21/14,,object
15/1/4/45/1/7/21/14/1,,int
15/1/4/45/1/7/21/14/2,,int
15/1/4/45/1/7/21/14/3,,int
15/1/4/45/1/7/21/14/4,,int
15/1/4/45/1/7/21/14/5,,float32
15/1/4/45/1/7/21/15,,unknown,EmptyData
15/1/4/45/1/8,,object
15/1/4/45/1/8/3,,int
15/1/4/45/1/8/4,,int
15/1/4/45/1/8/5,,int
15/1/4/45/1/8/6,,int
15/1/4/45/1/8/21,,object
15/1/4/45/1/8/21/1,,int
15/1/4/45/1/8/21/13,,object
15/1/4/45/1/8/21/13/1,,float32
15/1/4/45/1/9,,object
15/1/4/45/1/9/1,,int
15/1/4/45/1/9/2,,int
15/1/4/45/1/10,,object
15/1/4/45/1/10/1,,int
15/1/4/45/1/10/2,,int
15/1/4/45/1/11,,object
15/1/4/45/1/11/1,,int
15/1/4/45/1/11/2,,string
15/1/4/45/1/11/3,,int
15/1/4/45/1/11/4,,int
15/1/4/45/1/12,,object
15/1/4/45/1/12/1,,int
15/1/4/45/1/12/2,,int
15/1/4/45/1/13,*,object
15/1/4/45/1/13/1,,int
15/1/4/45/1/13/3,,int
15/1/4/45/1/13/5,,float32
15/1/4/45/1/13/6,,float32
15/1/4/45/1/13/21,,object
15/1/4/45/1/13/21/1,,int
15/1/4/45/1/13/21/17,,object
15/1/4/45/1/13/21/17/1,,float32
15/1/4/45/1/13/21/17/2,*,object
15/1/4/45/1/13/21/17/2/1,,int
15/1/4/45/1/13/21/17/2/2,,float32
15/1/4/45/1/13/21/17/2/3,,float32
15/1/4/45/1/13/21/17/3,,int
15/1/4/45/1/13/21/17/4,,float32
15/1/4/45/1/14,,object
15/1/4/45/1/14/21,,object
15/1/4/45/1/14/21/1,,int
15/1/4/45/1/14/21/16,,object
15/1/4/45/1/14/21/16/1,*,object
15/1/4/45/1/14/21/16/1/1,,int
15/1/4/45/1/14/21/16/1/2,,float32
15/1/4/45/1/14/21/16/1/3,,float32
15/1/4/45/2,,int
15/1/4/45/3,,int
15/1/4/45/4,,object
15/1/4/45/4/2,*,object
15/1/4/45/4/2/1,,string
15/1/4/45/4/2/2,,int
15/1/4/45/4/2/3,,int
15/1/4/45/4/2/4,,int
15/1/4/45/4/2/6,,int
15/1/4/45/4/3,*,object
15/1/4/45/4/3/1,,int
15/1/4/45/4/3/2,,int
15/1/4/45/4/3/3,,float32
15/1/4/45/4/3/6,,int
15/1/4/45/4/4,,object
15/1/4/45/4/4/1,,int
15/1/4/45/4/4/3,,int
15/1/4/45/4/4/4,,int
15/1/4/45/4/6,*,object
15/1/4/45/4/6/1,,int
15/1/4/45/4/6/4,,float32
15/1/4/45/4/6/5,,int
15/1/4/45/4/6/6,,int
15/1/4/45/4/6/7,,int
15/1/4/45/4/7,*,object
15/1/4/45/4/7/3,,float32
15/1/4/45/4/7/4,,float32
15/1/4/45/4/7/5,,int
15/1/4/45/4/7/6,,int
15/1/4/45/4/7/7,,int
15/1/4/45/4/7/8,,int
15/1/4/45/4/7/21,,object
15/1/4/45/4/7/21/1,,int
15/1/4/45/4/7/21/11,,object
15/1/4/45/4/7/21/11/1,,int
15/1/4/45/4/7/21/11/2,,string
15/1/4/45/4/7/21/11/3,,unknown,EmptyData
15/1/4/45/4/7/21/11/4,,unknown,EmptyData
15/1/4/45/4/7/21/11/5,,float32
15/1/4/45/4/7/21/11/6,,int
15/1/4/45/4/7/21/11/7,,int
15/1/4/45/4/7/21/11/8,,unknown,EmptyData
15/1/4/45/4/7/21/14,,object
15/1/4/45/4/7/21/14/1,,int
15/1/4/45/4/7/21/14/2,,int
15/1/4/45/4/7/21/14/3,,int
15/1/4/45/4/7/21/14/4,,int
15/1/4/45/4/7/21/14/5,,float32
15/1/4/45/4/7/21/15,,unknown,EmptyData
15/1/4/45/4/9,,object
15/1/4/45/4/9/1,,int
15/1/4/45/4/9/2,,int
15/1/4/45/4/10,,object
15/1/4/45/4/10/1,,int
15/1/4/45/4/10/2,,int
15/1/4/46,,unknown,EmptyData
15/1/4/55,,object
15/1/4/55/1,,object
15/1/4/55/1/1,,int
15/1/4/55/1/3,,object
15/1/4/55/1/3/3,,int
15/1/4/55/1/3/4,,unknown,EmptyData
15/1/4/74,,object
15/1/4/74/1,,object
15/1/4/74/1/1,,object
15/1/4/74/1/1/1,,int
15/1/4/74/1/1/2,,float32
15/1/4/74/1/1/3,,object
15/1/4/74/1/1/3/2,,float32
15/1/4/74/1/1/3/3,,float32
15/1/4/74/1/1/4,,unknown,EmptyData
15/1/4/74/1/1/51,,object
15/1/4/74/1/1/51/1,,int
15/1/4/74/1/1/51/2,,float32
15/1/4/74/1/1/51/3,,float32
15/1/4/74/1/1/52,,object
15/1/4/74/1/1/52/1,,int
15/1/4/74/1/1/52/2,,float32
15/1/4/74/1/1/52/3,,float32
15/1/4/74/1/1/52/4,,float32
15/1/4/74/1/2,,int
15/1/4/75,,object
15/1/4/75/1,,object
15/1/4/75/1/1,,object
15/1/4/75/1/1/1,*,object
15/1/4/75/1/1/1/2,,int
15/1/4/75/1/1/2,,int
15/1/4/75/1/1/3,,int
15/1/4/75/1/1/4,,int
15/1/4/75/1/1/5,,int
15/1/4/75/1/1/6,,int
15/1/4/75/1/1/8,,object
15/1/4/75/1/1/8/1,,float32
15/1/4/75/1/1/8/2,,float32
15/1/4/75/1/1/8/3,,float32
15/1/4/75/1/1/9,,float32
15/1/4/75/1/1/10,,float32
15/1/4/75/1/1/11,,int
15/1/4/75/1/1/13,,int
15/1/4/75/1/1/14,,float32
15/1/4/75/1/1/15,,float32
15/1/4/75/1/1/16,,int
15/1/4/75/1/1/17,,float32
15/1/4/75/1/1/18,,int
15/1/4/75/1/1/19,,int
15/1/4/75/1/1/20,,float32
15/1/4/75/1/1/21,,int
15/1/4/75/1/1/22,,int
15/1/4/75/1/1/23,,int
15/1/4/75/1/2,,object
15/1/4/75/1/2/1,*,object
15/1/4/75/1/2/1/1,,int
15/1/4/75/1/2/1/2,,int
15/1/4/75/1/3,,object
15/1/4/75/1/3/1,,int
15/1/4/75/1/3/2,,object
15/1/4/75/1/3/2/1,,int
15/1/4/75/1/3/2/2,,string
15/1/4/75/1/3/2/3,,int
15/1/4/75/1/3/2/51,,object
15/1/4/75/1/3/2/51/2,,int
15/1/4/75/1/3/2/51/4,,float32
15/1/4/75/1/3/2/51/5,,float32
15/1/4/75/1/3/2/51/7,,float32
15/1/4/75/1/3/2/51/8,,int
15/1/4/75/1/3/2/51/10,,float32
15/1/4/75/1/3/2/51/13,,float32
15/1/4/75/1/3/2/51/14,,float32
15/1/5,,object
15/1/5/1,,int
15/1/5/13,,object
15/1/5/13/1,*,object
15/1/5/13/1/1,,object
15/1/5/13/1/1/1,,int
15/1/5/13/1/1/2,,int
15/1/5/13/1/1/501,,int
15/1/5/13/1/501,,string
16,,object
16/1,*,object
16/1/1,,int
16/1/2,,int
16/1/3,*,object
16/1/3/1,,int
16/1/3/11,,object
16/1/3/11/1,,string
16/1/3/21,,object
16/1/3/21/1,,object
16/1/3/21/1/1,,object
16/1/3/21/1/1/1,,float32
16/1/3/21/1/1/2,,object
16/1/3/21/1/1/2/1,,int
16/1/3/21/1/1/2/2,,int
16/1/3/21/1/1/2/501,,int
16/1/3/21/1/1/4,,int
16/1/3/21/1/1/5,,int
16/1/3/21/1/1/6,,int
16/1/3/21/1/1/7,,int
16/1/3/21/1/1/8,,float32
16/1/3/21/1/1/9,,float32
16/1/3/21/1/1/10,,int
16/1/3/21/1/2,,object
16/1/3/21/1/2/1,,int
16/1/3/21/1/2/2,,int
16/1/3/21/1/2/3,,int
16/1/3/21/1/2/4,,int
16/1/3/21/1/3,,object
16/1/3/21/1/3/1,*,object
16/1/3/21/1/3/1/1,,int
16/1/3/21/1/3/1/2,*,object
16/1/3/21/1/3/1/2/1,,int
16/1/3/21/1/3/1/2/3,,int
16/1/3/21/1/3/1/2/4,,int
16/1/3/21/1/3/1/2/5,,float32
16/1/3/21/1/3/1/2/6,,int
16/1/3/21/1/3/1/2/7,,string
16/1/3/21/1/3/1/2/10,,object
16/1/3/21/1/3/1/2/10/2,,float32
16/1/3/21/1/3/1/2/12,,object
16/1/3/21/1/3/1/2/12/1,,int
16/1/3/21/1/3/1/2/12/2,,int
16/1/3/21/1/3/1/2/13,,unknown,EmptyData
16/1/3/21/1/3/2,,data
16/1/3/21/1/4,,unknown,EmptyData
16/1/3/21/1/5,,unknown,EmptyData
16/1/3/21/1/6,,int
16/1/3/30,,object
16/1/3/30/1,,object
16/1/3/30/1/1,,object
16/1/3/30/1/1/4,,int
16/1/3/30/1/1/7,,int
16/1/3/30/1/2,,object
16/1/3/30/1/2/2,,int
16/1/3/30/1/2/3,,int
16/1/3/30/1/2/4,,string
16/1/3/30/1/2/5,,int
16/1/3/30/1/3,,object
16/1/3/30/1/3/1,,float32
16/1/3/30/1/3/2,,int
16/1/3/30/1/3/3,,int
16/1/3/30/1/3/4,,int
16/1/3/30/1/3/5,,int
16/1/3/30/1/3/6,,int
16/1/3/30/1/3/8,,float32
16/1/3/30/1/3/9,,int
16/1/3/30/1/3/10,,object
16/1/3/30/1/3/10/1,,float32
16/1/3/30/1/3/10/2,,float32
16/1/3/30/1/3/10/3,,float32
16/1/3/30/1/3/11,,float32
16/1/3/30/1/3/12,,float32
16/1/3/30/1/3/13,,float32
16/1/3/30/1/3/15,,float32
16/1/3/30/1/3/16,,float32
16/1/3/30/1/3/17,,int
16/1/3/30/1/4,,object
16/1/3/30/1/4/1,,int
16/1/3/30/1/4/2,,int
16/1/3/30/1/5,*,object
16/1/3/30/1/5/1,,int
16/1/3/30/1/5/2,,int
16/1/3/30/1/6,,object
16/1/3/30/1/6/4,,float32
16/1/3/30/1/7,,object
16/1/3/30/1/7/1,,int
16/1/3/30/1/7/2,,int
16/1/3/30/1/7/3,,float32
16/1/3/30/1/7/4,,float32
16/1/3/45,,object
16/1/3/45/1,,object
16/1/3/45/1/2,*,object
16/1/3/45/1/2/1,,string
16/1/3/45/1/2/2,,int
16/1/3/45/1/2/3,,int
16/1/3/45/1/2/4,,int
16/1/3/45/1/2/6,,int
16/1/3/45/1/3,*,object
16/1/3/45/1/3/1,,int
16/1/3/45/1/3/2,,int
16/1/3/45/1/3/3,,float32
16/1/3/45/1/3/5,,int
16/1/3/45/1/3/6,,int
16/1/3/45/1/4,*,object
16/1/3/45/1/4/1,,int
16/1/3/45/1/4/3,,int
16/1/3/45/1/4/4,,int
16/1/3/45/1/6,*,object
16/1/3/45/1/6/1,,int
16/1/3/45/1/6/3,,string
16/1/3/45/1/6/4,,float32
16/1/3/45/1/6/5,,int
16/1/3/45/1/6/6,,int
16/1/3/45/1/6/7,,int
16/1/3/45/1/7,*,object
16/1/3/45/1/7/2,,string
16/1/3/45/1/7/3,,float32
16/1/3/45/1/7/4,,float32
16/1/3/45/1/7/5,,int
16/1/3/45/1/7/6,,int
16/1/3/45/1/7/7,,int
16/1/3/45/1/7/8,,int
16/1/3/45/1/7/21,,object
16/1/3/45/1/7/21/1,,int
16/1/3/45/1/7/21/11,,object
16/1/3/45/1/7/21/11/1,,int
16/1/3/45/1/7/21/11/2,,string
16/1/3/45/1/7/21/11/3,,object
16/1/3/45/1/7/21/11/3/1,,float32
16/1/3/45/1/7/21/11/3/2,,float32
16/1/3/45/1/7/21/11/3/3,,float32
16/1/3/45/1/7/21/11/4,,unknown,EmptyData
16/1/3/45/1/7/21/11/5,,float32
16/1/3/45/1/7/21/11/6,,int
16/1/3/45/1/7/21/11/7,,int
16/1/3/45/1/7/21/11/8,,unknown,EmptyData
16/1/3/45/1/7/21/11/9,,int
16/1/3/45/1/7/21/12,,object
16/1/3/45/1/7/21/12/1,,float32
16/1/3/45/1/7/21/14,,object
16/1/3/45/1/7/21/14/1,,int
16/1/3/45/1/7/21/14/2,,int
16/1/3/45/1/7/21/14/3,,int
16/1/3/45/1/7/21/14/4,,int
16/1/3/45/1/7/21/14/5,,float32
16/1/3/45/1/7/21/15,,unknown,EmptyData
16/1/3/45/1/8,,object
16/1/3/45/1/8/3,,int
16/1/3/45/1/8/4,,int
16/1/3/45/1/8/5,,int
16/1/3/45/1/8/6,,int
16/1/3/45/1/8/21,,object
16/1/3/45/1/8/21/1,,int
16/1/3/45/1/8/21/13,,object
16/1/3/45/1/8/21/13/1,,float32
16/1/3/45/1/9,,object
16/1/3/45/1/9/1,,int
16/1/3/45/1/9/2,,int
16/1/3/45/1/10,,object
16/1/3/45/1/10/1,,int
16/1/3/45/1/10/2,,int
16/1/3/45/1/11,,object
16/1/3/45/1/11/1,,int
16/1/3/45/1/11/2,,string
16/1/3/45/1/11/3,,int
16/1/3/45/1/11/4,,int
16/1/3/45/1/12,,object
16/1/3/45/1/12/1,,int
16/1/3/45/1/12/2,,int
16/1/3/45/1/13,*,object
16/1/3/45/1/13/1,,int
16/1/3/45/1/13/3,,int
16/1/3/45/1/13/5,,float32
16/1/3/45/1/13/6,,float32
16/1/3/45/1/13/21,,object
16/1/3/45/1/13/21/1,,int
16/1/3/45/1/13/21/17,,object
16/1/3/45/1/13/21/17/1,,float32
16/1/3/45/1/13/21/17/2,*,object
16/1/3/45/1/13/21/17/2/1,,int
16/1/3/45/1/13/21/17/2/2,,float32
16/1/3/45/1/13/21/17/2/3,,float32
16/1/3/45/1/13/21/17/3,,int
16/1/3/45/1/13/21/17/4,,float32
16/1/3/45/1/14,,object
16/1/3/45/1/14/21,,object
16/1/3/45/1/14/21/1,,int
16/1/3/45/1/14/21/16,,object
16/1/3/45/1/14/21/16/1,*,object
16/1/3/45/1/14/21/16/1/1,,int
16/1/3/45/1/14/21/16/1/2,,float32
16/1/3/45/1/14/21/16/1/3,,float32
16/1/3/45/2,,int
16/1/3/45/3,,int
16/1/3/45/4,,object
16/1/3/45/4/2,*,object
16/1/3/45/4/2/1,,string
16/1/3/45/4/2/2,,int
16/1/3/45/4/2/3,,int
16/1/3/45/4/2/4,,int
16/1/3/45/4/2/6,,int
16/1/3/45/4/3,*,object
16/1/3/45/4/3/1,,int
16/1/3/45/4/3/2,,int
16/1/3/45/4/3/3,,float32
16/1/3/45/4/3/6,,int
16/1/3/45/4/4,,object
16/1/3/45/4/4/1,,int
16/1/3/45/4/4/3,,int
16/1/3/45/4/4/4,,int
16/1/3/45/4/6,*,object
16/1/3/45/4/6/1,,int
16/1/3/45/4/6/4,,float32
16/1/3/45/4/6/5,,int
16/1/3/45/4/6/6,,int
16/1/3/45/4/6/7,,int
16/1/3/45/4/7,*,object
16/1/3/45/4/7/3,,float32
16/1/3/45/4/7/4,,float32
16/1/3/45/4/7/5,,int
16/1/3/45/4/7/6,,int
16/1/3/45/4/7/7,,int
16/1/3/45/4/7/8,,int
16/1/3/45/4/7/21,,object
16/1/3/45/4/7/21/1,,int
16/1/3/45/4/7/21/11,,object
16/1/3/45/4/7/21/11/1,,int
16/1/3/45/4/7/21/11/2,,string
16/1/3/45/4/7/21/11/3,,unknown,EmptyData
16/1/3/45/4/7/21/11/4,,unknown,EmptyData
16/1/3/45/4/7/21/11/5,,float32
16/1/3/45/4/7/21/11/6,,int
16/1/3/45/4/7/21/11/7,,int
16/1/3/45/4/7/21/11/8,,unknown,EmptyData
16/1/3/45/4/7/21/14,,object
16/1/3/45/4/7/21/14/1,,int
16/1/3/45/4/7/21/14/2,,int
16/1/3/45/4/7/21/14/3,,int
16/1/3/45/4/7/21/14/4,,int
16/1/3/45/4/7/21/14/5,,float32
16/1/3/45/4/7/21/15,,unknown,EmptyData
16/1/3/45/4/9,,object
16/1/3/45/4/9/1,,int
16/1/3/45/4/9/2,,int
16/1/3/45/4/10,,object
16/1/3/45/4/10/1,,int
16/1/3/45/4/10/2,,int
16/1/3/46,,unknown,EmptyData
17,,unknown,EmptyData
18,,object
18/1,,object
18/1/1,,int
18/1/2,,object
18/1/2/1,,string
18/1/2/2,,float32
18/1/2/3,,float32
18/1/2/4,,object
18/1/2/4/1,,float32
18/1/2/4/2,,float32
18/1/2/4/3,,float32
18/1/2/5,,float32
18/1/2/6,,float32
18/1/2/12,,int
18/1/2/13,,int
18/1/2/14,,float32
18/1/2/15,,float32
18/1/2/16,,float32
18/1/2/17,,float32
18/1/2/18,,float32
18/1/2/19,,int
19,,unknown,EmptyData
20,,object
20/1,*,object
20/1/1,,int
20/1/2,,object
20/1/2/1,,int
20/1/5,*,object
20/1/5/1,,int
20/1/5/11,,object
20/1/5/11/1,,string
20/1/5/22,,unknown,EmptyData
20/1/5/23,,object
20/1/5/23/1,,object
20/1/5/23/1/1,*,object
20/1/5/23/1/1/2,,int
20/1/5/23/1/1/4,,string
20/1/5/23/1/1/11,,object
20/1/5/23/1/1/11/1,,int
20/1/5/23/1/1/11/2,,data
20/1/5/23/1/1/11/3,,int
20/1/5/23/1/1/11/4,,object
20/1/5/23/1/1/11/4/1,,int
20/1/5/23/1/1/11/4/11,,object
20/1/5/23/1/1/11/4/11/1,,object
20/1/5/23/1/1/11/4/11/1/1,,float32
20/1/5/23/1/1/11/4/11/1/2,,float32
20/1/5/23/1/1/11/4/11/1/3,,float32
20/1/5/23/1/1/11/4/12,,object
20/1/5/23/1/1/11/4/12/1,,float32
20/1/5/23/1/1/11/4/13,,object
20/1/5/23/1/1/11/4/13/1,,float32
20/1/5/23/1/1/11/4/13/2,,float32
20/1/5/23/1/1/11/5,,int
20/1/5/23/1/1/11/6,,string
20/1/5/23/1/1/11/7,,unknown,EmptyData
20/1/5/23/1/1/11/8,,unknown,EmptyData
20/1/5/23/1/1/11/9,,int
20/1/5/23/1/1/11/10,,object
20/1/5/23/1/1/11/10/3,,float32
20/1/5/23/1/1/11/10/4,,int
20/1/5/23/1/1/11/10/5,,float32
20/1/5/23/1/1/11/10/6,,int
20/1/5/23/1/1/11/10/7,,int
20/1/5/23/1/1/11/10/8,,float32
20/1/5/23/1/1/11/10/11,,object
20/1/5/23/1/1/11/10/11/1,,string
20/1/5/23/1/1/11/10/21,,int
20/1/5/23/1/1/11/10/25,,object
20/1/5/23/1/1/11/10/25/1,*,object
20/1/5/23/1/1/11/10/25/1/1,,float32
20/1/5/23/1/1/11/10/25/1/2,,float32
20/1/5/23/1/1/11/11,,object
20/1/5/23/1/1/11/11/1,,int
20/1/5/23/1/1/11/11/3,,int
20/1/5/23/1/1/11/11/4,,int
20/1/5/23/1/1/11/11/5,,float32
20/1/5/23/1/1/11/11/6,,unknown,EmptyData
20/1/5/23/1/1/11/11/7,,unknown,EmptyData
20/1/5/23/1/1/11/11/8,,unknown,EmptyData
20/1/5/23/1/1/11/11/9,,int
20/1/5/23/1/1/11/11/11,,int
20/1/5/23/1/1/11/11/12,,float32
20/1/5/23/1/1/11/11/13,,float32
20/1/5/23/1/1/11/12,,int
20/1/5/23/1/1/11/13,,float32
20/1/5/23/1/1/11/14,,unknown,EmptyData
20/1/5/23/1/1/11/15,,unknown,EmptyData
20/1/5/23/1/1/11/20,,int
20/1/5/23/1/1/11/21,,object
20/1/5/23/1/1/11/21/1,,float32
20/1/5/23/1/1/11/21/3,,int
20/1/5/23/1/1/11/22,,unknown,EmptyData
20/1/5/23/1/1/11/23,,int
20/1/5/23/1/1/12,,object
20/1/5/23/1/1/12/1,,string
20/1/5/23/1/1/12/2,,unknown,EmptyData
20/1/5/23/1/1/12/3,,unknown,EmptyData
20/1/5/23/1/1/12/4,,object
20/1/5/23/1/1/12/4/4,,int
20/1/5/23/1/1/12/4/5,,float32
20/1/5/23/1/1/12/4/6,,int
20/1/5/23/1/1/12/4/7,,int
20/1/5/23/1/1/12/4/8,,float32
20/1/5/23/1/1/12/4/11,,object
20/1/5/23/1/1/12/4/11/1,,string
20/1/5/23/1/1/12/4/21,,int
20/1/5/23/1/1/12/4/25,,object
20/1/5/23/1/1/12/4/25/1,*,object
20/1/5/23/1/1/12/4/25/1/1,,float32
20/1/5/23/1/1/12/4/25/1/2,,float32
20/1/5/23/1/1/12/5,,object
20/1/5/23/1/1/12/5/1,,int
20/1/5/23/1/1/12/5/3,,int
20/1/5/23/1/1/12/5/4,,int
20/1/5/23/1/1/12/5/5,,float32
20/1/5/23/1/1/12/5/6,,unknown,EmptyData
20/1/5/23/1/1/12/5/7,,unknown,EmptyData
20/1/5/23/1/1/12/5/8,,unknown,EmptyData
20/1/5/23/1/1/12/5/9,,int
20/1/5/23/1/1/12/5/10,,int
20/1/5/23/1/1/12/5/11,,int
20/1/5/23/1/1/12/5/12,,float32
20/1/5/23/1/1/12/5/13,,float32
20/1/5/23/1/1/12/6,,int
20/1/5/23/1/1/12/7,,object
20/1/5/23/1/1/12/7/1,,float32
20/1/5/23/1/1/12/7/3,,int
20/1/5/23/1/1/13,,object
20/1/5/23/1/1/13/1,,float32
20/1/5/23/1/1/17,,object
20/1/5/23/1/1/17/1,,int
20/1/5/23/1/1/17/2,,int
20/1/5/23/1/1/17/3,,float32
20/1/5/23/1/1/17/4,,object
20/1/5/23/1/1/17/4/2,,float32
20/1/5/23/1/1/17/5,,unknown,EmptyData
20/1/5/23/1/1/17/6,,unknown,EmptyData
20/1/5/23/1/1/17/7,,int
20/1/5/23/1/3,,string
20/1/5/28,,unknown,EmptyData
20/1/5/31,,object
20/1/5/31/1,,int
20/1/5/32,,object
20/1/5/32/1,,object
20/1/5/32/1/1,,float32
20/1/5/32/1/2,,float32
20/1/5/32/1/3,,float32
20/1/5/32/1/4,,int
20/1/5/32/1/5,,int
20/1/5/32/2,,object
20/1/5/32/2/3,,float32
20/1/5/32/2/4,,float32
20/1/5/32/2/5,,float32
20/1/5/32/3,,unknown,EmptyData
20/1/6,*,object
20/1/6/1,,int
20/1/6/11,,object
20/1/6/11/1,,object
20/1/6/11/1/2,,float32
20/1/6/11/2,,unknown,EmptyData
20/1/6/11/3,,object
20/1/6/11/3/1,,float32
20/1/6/11/3/2,,float32
20/1/6/11/3/3,,float32
20/1/6/11/501,,int32
20/1/6/12,,unknown,EmptyData
20/1/6/13,,unknown,EmptyData
20/1/6/14,,object
20/1/6/14/1,,int
20/1/6/15,,unknown,EmptyData
20/1/6/16,,unknown,EmptyData
20/1/6/17,,object
20/1/6/17/1,,float32
20/1/6/17/2,,float32
20/1/6/17/3,,float32
20/1/6/17/4,,int
20/1/6/17/5,,int
20/1/6/17/6,,object
20/1/6/17/6/2,,int
20/1/6/17/8,,float32
20/1/6/17/9,,float32
20/1/6/17/10,,float32
20/1/6/17/11,,float32
20/1/6/17/12,,float32
20/1/6/17/13,,float32
20/1/6/17/14,,float32
20/1/6/17/15,,float32
20/1/6/18,,object
20/1/6/18/1,,int
20/1/6/18/501,,int
20/1/6/21,,object
20/1/6/21/1,,object
20/1/6/21/1/1,,string
20/1/6/21/1/2,,unknown,EmptyData
20/1/6/21/1/3,,unknown,EmptyData
20/1/6/21/1/502,,string
20/1/6/21/1/504,,int
20/1/6/21/1/505,,string
20/1/6/22,,object
20/1/6/22/501,,int
20/1/6/27,,unknown,EmptyData
20/1/6/29,,object
20/1/6/29/1,,int
20/1/7,*,object
20/1/7/1,,int
20/1/7/2,,int
20/1/7/11,,unknown,EmptyData
20/1/7/16,,object
20/1/7/16/1,*,object
20/1/7/16/1/1,,int
20/1/7/16/1/2,,string
20/1/7/16/1/3,,int
20/1/7/16/1/4,,int
20/1/7/16/1/5,,object
20/1/7/16/1/5/2,,float32
20/1/7/16/1/6,,object
20/1/7/16/1/6/1,,float32
20/1/7/16/1/7,,float32
20/1/7/16/1/8,,unknown,EmptyData
20/1/7/16/1/10,,object
20/1/7/16/1/10/2,,int
20/1/7/16/1/11,,int
20/1/7/16/1/502,,int
20/1/7/16/1/503,,string
20/1/7/16/1/505,,int
20/1/7/16/1/506,,int
20/1/7/16/1/507,,int
20/1/7/21,,object
20/1/7/21/1,,object
20/1/7/21/1/1,,int
20/1/7/21/1/11,,object
20/1/7/21/1/11/1,,object
20/1/7/21/1/11/1/2,,float32
20/1/7/21/1/11/1/3,,float32
20/1/7/21/1/11/2,,float32
20/1/7/21/1/12,,object
20/1/7/21/1/12/1,,object
20/1/7/21/1/12/1/2,,float32
20/1/7/21/1/12/1/3,,float32
20/1/7/21/1/12/2,,float32
20/1/7/21/1/13,,object
20/1/7/21/1/13/1,,object
20/1/7/21/1/13/1/3,,float32
20/1/7/21/1/13/2,,float32
20/1/7/21/1/13/3,,float32
20/1/7/21/1/13/5,,float32
20/1/7/21/1/13/8,,string
20/1/7/21/1/13/1002,,int
20/1/7/21/1/502,,string
20/1/7/21/501,,int
20/1/7/22,,object
20/1/7/22/1,,object
20/1/7/22/1/1,,int
20/1/7/22/1/11,,object
20/1/7/22/1/11/1,,object
20/1/7/22/1/11/1/2,,float32
20/1/7/22/1/11/1/3,,float32
20/1/7/22/1/11/2,,object
20/1/7/22/1/11/2/1,,float32
20/1/7/22/1/11/2/2,,float32
20/1/7/22/1/11/2/3,,float32
20/1/7/22/1/11/3,,unknown,EmptyData
20/1/7/22/1/12,,object
20/1/7/22/1/12/1,,unknown,EmptyData
20/1/7/22/1/12/2,,float32
20/1/7/22/1/502,,string
20/1/7/22/1/503,,int
20/1/7/22/2,,int
20/1/7/22/3,,int
20/1/7/22/4,,float32
20/1/7/22/5,*,string
20/1/7/22/6,,unknown,EmptyData
20/1/7/22/7,,unknown,EmptyData
20/1/7/22/8,,int
20/1/7/22/9,,data
20/1/7/22/13,,data
20/1/7/22/501,,int
20/1/7/22/503,,int
20/1/7/22/1002,,int
20/1/7/28,,object
20/1/7/28/7,,int
20/1/7/28/8,,int
20/1/7/28/9,,object
20/1/7/28/9/2,,string
20/1/7/28/9/5,,unknown,EmptyData
20/1/7/28/9/6,,unknown,EmptyData
20/1/7/28/9/7,,float32
20/1/7/28/9/8,,unknown,EmptyData
20/1/7/28/9/10,,unknown,EmptyData
20/1/7/28/9/501,,int
20/1/7/28/9/503,,string
20/1/7/28/9/507,,int
20/1/7/28/10,,object
20/1/7/28/10/2,,string
20/1/7/28/10/5,,unknown,EmptyData
20/1/7/28/10/6,,unknown,EmptyData
20/1/7/28/10/7,,float32
20/1/7/28/10/8,,unknown,EmptyData
20/1/7/28/10/10,,unknown,EmptyData
20/1/7/28/10/501,,int
20/1/7/28/10/503,,string
20/1/7/28/10/507,,int
20/1/7/30,,object
20/1/7/30/1,,float32
20/1/7/30/5,,float32
20/1/7/30/6,,float32
20/1/8,,int
21,,object
21/1,,data,size=0x4: 18 67 70 5D
22,,object
22/1,*,string
22/2,,data,size=0x18: 00 01 01 01 00 01 01 00 00 00 00 00 01 00 00 01
23,,object
23/1,,int
23/3,,float32
23/4,,int
23/5,,float32
23/6,,int
23/7,,float32
23/8,,int
25,,object
25/2,,object
25/2/1,,int
25/2/3,,int
25/2/501,,object
25/2/501/1,,int
25/2/501/2,,int
25/2/501/3,,int
25/2/501/5,,int
25/2/501/501,,data,size=0x8: 01 02 03 04 05 06 07 08
25/2/501/502,,string
25/3,,object
25/3/2,,int
25/3/3,,string
25/3/4,,object
25/3/4/1,,int
25/3/4/2,,string
25/3/4/3,,int
25/3/4/6,,int
25/3/5,,int
25/3/6,,int
25/4,,object
25/4/1,,int
25/4/3,,object
25/4/3/1,,int
25/4/3/4,,string
25/4/3/5,,int
25/4/3/6,,int
27,,object
27/1,*,object
27/1/1,,int
27/1/2,,int
27/1/3,,int
27/1/4,*,object
27/1/4/1,,int
27/1/4/11,,object
27/1/4/11/1,,string
27/1/4/50,,object
27/1/4/50/502,,int
27/1/5,*,object
27/1/5/1,,int
27/1/5/11,,object
27/1/5/11/1,,object
27/1/5/11/1/1,,float32
27/1/5/11/1/2,,float32
27/1/5/11/1/3,,float32
27/1/5/11/2,,object
27/1/5/11/2/1,,float32
27/1/5/11/2/2,,float32
27/1/5/11/2/3,,float32
27/1/5/11/3,,object
27/1/5/11/3/1,,float32
27/1/5/11/3/2,,float32
27/1/5/11/3/3,,float32
27/1/5/12,,object
27/1/5/12/2,,object
27/1/5/12/2/1,,int
27/1/5/15,,object
27/1/5/15/1,,int
27/1/5/15/2,,int
27/1/11,,unknown,EmptyData
27/2,*,object
27/2/1,,int
27/2/2,,int
27/2/4,*,object
27/2/4/1,,int
27/2/4/11,,object
27/2/4/11/1,,string
27/2/4/29,,unknown,EmptyData
27/2/4/50,,object
27/2/4/50/502,,int
27/2/5,*,object
27/2/5/1,,int
27/2/5/11,,object
27/2/5/11/1,,object
27/2/5/11/1/1,,float32
27/2/5/11/1/2,,float32
27/2/5/11/1/3,,float32
27/2/5/11/2,,object
27/2/5/11/2/1,,float32
27/2/5/11/2/2,,float32
27/2/5/11/2/3,,float32
27/2/5/11/3,,object
27/2/5/11/3/1,,float32
27/2/5/11/3/2,,float32
27/2/5/11/3/3,,float32
27/2/5/12,,object
27/2/5/12/2,,object
27/2/5/12/2/1,,int
27/2/5/15,,object
27/2/5/15/1,,int
27/2/5/15/2,,int
27/2/12,,object
27/2/12/1,,int
29,,object
29/1,,string
29/2,,string
29/3,,string
29/4,,string
29/5,,string
30,,unknown,EmptyData
31,,unknown,EmptyData
32,,unknown,EmptyData
33,,unknown,EmptyData
35,,object
35/1,,object
35/1/1,,object
35/1/1/1,*,object
35/1/1/1/1,,string
35/1/1/1/3,*,object
35/1/1/1/3/1,,int
35/1/1/1/3/2,,string
35/1/1/1/4,,int
35/1/1/1/501,,data,size=0x1: 01
35/1/1/2,,int
35/1/1/3,,data
36,,object
36/1,,object
36/1/1,,int
36/1/5,,string
36/1/6,,unknown,EmptyData
36/1/13,,int
36/1/14,,string
36/1/15,,int
36/1/17,,data,size=0x8: 01 02 03 04 05 06 07 08
36/2,,object
36/2/1,,int
37,,object
37/1,,int
37/2,,data,size=0x949: 4C 5A 34 46 04 22 4D 18 68 40 E2 13 00 00 00 00
38,,object
38/1,,int
38/2,,int
40,,int
41,,int
